date,demand_mwh,houston_temperature_2m_mean,houston_temperature_2m_max,houston_temperature_2m_min,houston_relative_humidity_2m_mean,dallas_temperature_2m_mean,dallas_temperature_2m_max,dallas_temperature_2m_min,dallas_relative_humidity_2m_mean,austin_temperature_2m_mean,austin_temperature_2m_max,austin_temperature_2m_min,austin_relative_humidity_2m_mean,san_antonio_temperature_2m_mean,san_antonio_temperature_2m_max,san_antonio_temperature_2m_min,san_antonio_relative_humidity_2m_mean
2019-01-01,985428.0,11.8,17.3,5.5,80,4.4,7.4,2.7,79,6.3,8.6,4.4,80,7.1,10.2,3.9,78
2019-01-02,1137156.0,10.9,13.5,9.4,89,2.0,2.7,1.1,89,3.8,5.1,3.1,93,4.4,5.8,3.6,95
2019-01-03,1100758.0,9.5,13.1,5.1,91,3.6,4.4,2.9,93,5.6,11.2,2.3,84,6.8,13.4,3.3,80
2019-01-04,1013134.0,7.9,15.7,2.4,78,7.3,14.9,2.8,71,8.3,18.8,1.3,65,9.9,20.9,2.9,57
2019-01-05,903604.0,11.3,21.9,3.6,77,10.0,21.3,1.7,72,10.8,23.2,1.2,68,10.9,22.4,1.7,65
2019-01-06,837163.0,14.2,21.8,6.5,85,13.3,19.6,6.5,74,13.9,21.5,6.4,80,13.9,22.0,6.1,82
2019-01-07,835975.0,18.8,23.7,15.0,80,18.5,23.1,13.4,65,19.4,24.1,16.3,81,18.4,22.6,14.5,86
2019-01-08,855810.0,19.6,25.3,14.9,78,13.3,19.4,8.7,52,17.0,24.2,12.1,76,17.0,23.3,11.8,83
2019-01-09,888973.0,15.0,17.9,9.1,51,9.7,14.8,6.2,44,12.5,16.2,8.3,43,13.8,16.6,10.5,45
2019-01-10,934787.0,10.8,16.4,5.5,53,7.7,10.6,4.3,55,11.4,16.3,7.4,49,12.3,16.8,8.7,52
2019-01-11,919555.0,13.3,18.8,8.0,70,9.5,11.6,7.7,70,12.7,16.3,9.3,76,13.7,16.0,11.4,84
2019-01-12,884261.0,16.2,19.3,9.9,74,8.8,12.3,6.6,74,13.2,15.9,7.8,72,14.5,19.0,9.0,75
2019-01-13,968948.0,9.2,13.8,5.5,65,4.2,6.1,3.0,71,7.3,11.3,3.8,70,8.4,12.8,4.1,68
2019-01-14,1048998.0,7.8,11.8,4.4,70,3.9,6.6,1.8,75,6.4,9.1,3.2,72,7.1,9.3,4.2,71
2019-01-15,1016275.0,9.2,11.4,7.1,73,6.0,9.7,2.2,78,9.1,10.6,8.1,75,9.0,10.1,7.9,76
2019-01-16,932932.0,13.0,15.4,9.9,84,11.0,15.7,6.6,87,11.7,13.9,10.0,92,11.6,13.6,9.8,93
2019-01-17,868227.0,17.2,21.1,13.4,85,12.4,14.2,8.7,83,15.8,22.1,12.1,81,15.0,20.3,12.2,85
2019-01-18,885034.0,17.0,21.1,12.7,92,12.1,19.9,5.1,86,14.8,18.7,10.8,93,14.7,18.2,11.3,93
2019-01-19,963148.0,12.5,21.5,5.2,64,5.3,16.9,0.5,67,11.0,17.4,5.7,54,12.6,16.6,7.0,52
2019-01-20,1028633.0,5.3,11.2,0.5,58,1.8,7.7,-3.4,63,5.7,12.0,-0.1,55,7.4,13.8,1.0,53
2019-01-21,998087.0,9.7,16.7,2.0,78,8.0,14.7,2.3,65,10.0,18.8,1.7,71,10.0,19.5,0.5,75
2019-01-22,899469.0,18.8,22.4,14.8,76,13.3,16.8,5.5,77,16.3,20.6,10.4,80,16.4,21.2,13.5,80
2019-01-23,1076927.0,7.5,19.0,3.2,72,3.0,8.3,-1.9,53,6.6,12.4,2.2,52,8.0,13.8,2.3,49
2019-01-24,1046634.0,6.4,14.9,-1.1,62,6.2,15.0,-0.5,57,7.7,16.5,-0.5,57,7.9,17.2,-1.3,60
2019-01-25,998492.0,8.9,16.9,2.1,66,5.1,11.5,-1.1,62,8.4,13.3,3.2,68,10.2,16.6,4.5,74
2019-01-26,908041.0,11.7,18.2,6.5,75,7.2,14.1,2.3,65,11.6,16.4,6.7,76,12.9,16.8,8.9,77
2019-01-27,876010.0,13.1,18.5,9.2,72,8.1,16.9,0.6,60,12.1,18.3,7.5,74,12.9,18.4,8.1,74
2019-01-28,926316.0,14.2,21.9,8.2,74,9.6,16.0,5.5,57,13.1,21.4,7.1,65,13.0,21.5,6.6,66
2019-01-29,1042892.0,7.6,13.0,3.4,49,3.8,7.9,-2.2,46,6.3,9.8,2.0,44,7.4,11.5,2.9,44
2019-01-30,1049022.0,7.5,11.0,4.5,49,5.1,10.2,1.0,50,7.9,12.3,2.9,54,7.9,11.9,2.7,58
2019-01-31,969360.0,12.7,16.2,8.7,80,8.6,12.5,4.4,69,11.7,15.6,8.5,80,11.6,14.9,8.9,86
2019-02-01,864285.0,16.0,20.1,13.5,89,13.8,16.9,11.8,89,15.8,18.5,14.0,93,16.4,19.1,14.5,92
2019-02-02,815509.0,16.2,19.7,14.1,88,14.5,17.4,11.7,92,16.4,17.8,15.2,95,17.1,19.4,15.6,92
2019-02-03,799339.0,18.0,21.4,15.1,93,17.9,22.1,15.6,86,19.1,22.7,17.0,90,19.1,22.9,16.8,90
2019-02-04,852910.0,21.2,24.6,18.8,90,20.5,26.3,16.2,80,20.2,23.3,18.4,90,19.6,22.1,18.4,94
2019-02-05,863830.0,22.0,24.8,20.0,89,21.1,25.1,18.0,82,21.2,24.2,19.2,90,20.8,24.3,18.8,91
2019-02-06,882115.0,23.2,26.1,21.6,85,21.8,24.4,19.9,86,22.1,24.3,20.2,88,21.9,25.1,20.0,87
2019-02-07,920371.0,18.7,23.9,8.9,78,9.7,22.4,0.5,75,16.0,21.9,5.4,69,17.5,20.9,8.1,68
2019-02-08,1186916.0,5.6,8.7,4.1,53,-0.5,2.5,-3.9,55,1.7,4.9,0.8,66,3.6,7.3,2.1,62
2019-02-09,1149259.0,5.4,7.3,3.7,62,2.5,3.7,2.0,65,2.6,4.0,1.4,80,3.2,4.4,2.1,78
2019-02-10,1020713.0,13.7,19.8,7.0,79,4.7,7.0,2.5,91,5.8,8.5,3.4,93,6.3,9.1,3.3,97
2019-02-11,934303.0,19.7,23.2,16.6,90,11.4,15.1,6.7,95,12.9,15.3,8.9,97,11.9,14.4,9.2,98
2019-02-12,905404.0,16.4,20.4,9.6,57,10.3,14.2,5.8,57,12.6,17.1,6.8,55,12.6,18.3,5.4,57
2019-02-13,970946.0,11.0,18.1,3.6,63,9.3,16.5,1.6,55,10.3,17.6,0.2,56,9.3,18.0,0.2,63
2019-02-14,875974.0,17.0,23.6,11.1,75,16.8,25.1,10.8,60,16.3,23.1,10.8,75,15.0,22.4,9.9,79
2019-02-15,859452.0,20.1,25.9,15.2,82,15.1,23.8,6.3,74,19.6,28.6,12.9,73,18.6,27.8,10.9,74
2019-02-16,914391.0,18.6,20.3,16.9,92,3.5,5.9,1.4,83,10.8,17.2,7.4,76,14.0,17.7,10.5,78
2019-02-17,867156.0,16.5,20.0,11.1,84,7.8,11.9,5.0,70,13.0,17.2,9.3,68,15.5,21.1,10.1,64
2019-02-18,999423.0,12.6,17.9,8.3,49,4.5,6.5,1.7,57,9.9,14.9,6.4,51,11.3,16.2,7.0,48
2019-02-19,1076234.0,10.1,14.5,8.3,80,3.6,4.3,2.9,81,6.2,8.4,4.5,79,7.1,10.9,5.4,81
2019-02-20,979786.0,11.9,18.0,7.5,75,7.7,14.2,3.7,70,9.3,17.3,3.4,68,10.3,18.6,3.7,64
2019-02-21,968536.0,11.8,13.1,10.7,84,8.1,10.5,5.7,77,10.1,11.9,7.0,78,11.4,13.4,8.2,74
2019-02-22,933949.0,16.2,23.7,10.2,91,8.8,10.0,7.8,94,11.6,14.7,9.4,93,13.4,17.3,10.2,91
2019-02-23,845406.0,20.9,24.2,14.4,73,14.6,20.5,9.8,58,17.1,22.5,12.4,56,17.6,22.9,11.7,58
2019-02-24,853532.0,14.7,19.9,9.5,38,9.2,15.0,2.9,48,11.7,17.4,6.5,44,12.4,18.3,7.1,41
2019-02-25,919943.0,12.3,15.5,9.1,61,10.5,17.7,4.1,51,12.0,18.2,5.8,60,12.9,19.1,6.9,60
2019-02-26,874767.0,15.4,18.1,13.5,92,13.0,16.2,9.7,78,15.3,19.4,12.9,88,16.5,19.8,13.8,90
2019-02-27,887897.0,19.6,23.7,16.6,91,11.9,15.8,2.1,95,17.9,23.8,15.1,89,19.1,25.4,15.7,87
2019-02-28,1038286.0,13.2,19.7,8.1,97,1.2,3.1,-0.6,82,7.0,14.4,4.6,85,11.0,17.6,7.6,93
2019-03-01,993784.0,12.4,18.4,7.8,85,3.8,7.1,1.2,75,8.3,12.0,5.2,82,10.0,13.3,6.8,90
2019-03-02,932706.0,17.8,22.3,14.1,88,5.6,6.4,4.3,84,10.1,11.5,8.4,95,13.3,14.6,11.7,96
2019-03-03,1019462.0,13.9,18.6,7.5,90,3.1,6.1,-1.3,81,6.2,8.4,2.5,86,9.2,12.3,4.1,86
2019-03-04,1291075.0,4.2,7.2,3.1,67,-2.9,-0.3,-5.5,55,0.6,2.6,-1.7,61,2.0,4.5,-0.4,61
2019-03-05,1220671.0,4.4,9.7,-0.9,47,0.5,7.7,-5.6,48,2.5,8.4,-2.9,48,3.6,9.8,-1.9,47
2019-03-06,1089632.0,8.1,13.9,1.1,52,5.4,12.5,-2.9,49,6.5,13.6,-1.8,55,6.9,13.5,0.1,54
2019-03-07,912226.0,16.7,20.5,11.4,83,14.5,21.9,7.3,69,15.7,21.5,10.4,76,15.3,22.2,9.8,76
2019-03-08,870092.0,22.5,25.9,19.5,86,20.4,25.8,16.6,76,21.7,26.5,17.5,85,21.6,27.4,16.6,84
2019-03-09,855479.0,23.7,27.0,21.1,80,21.2,25.2,15.5,56,22.9,28.9,15.8,70,23.5,29.8,18.2,74
2019-03-10,804394.0,22.5,26.7,19.1,86,13.2,15.8,10.5,62,19.5,23.7,15.2,86,20.8,25.2,16.8,86
2019-03-11,889275.0,22.4,26.3,20.1,84,13.4,16.3,11.0,78,16.8,19.6,14.0,90,18.5,20.6,16.7,90
2019-03-12,876971.0,20.3,22.6,18.8,90,16.0,19.3,13.7,93,20.0,25.0,15.7,88,20.9,25.7,16.8,88
2019-03-13,866539.0,22.2,23.2,21.2,88,17.9,22.3,12.7,72,21.5,26.6,16.2,66,22.4,27.7,15.5,62
2019-03-14,847079.0,21.8,24.1,17.2,59,15.3,18.9,11.4,42,19.5,22.3,15.1,42,20.3,24.6,15.6,41
2019-03-15,858517.0,14.6,16.9,11.3,40,10.6,15.2,6.3,41,12.6,15.7,9.6,41,13.5,15.9,10.9,38
2019-03-16,850793.0,13.7,16.7,10.7,41,9.9,15.6,3.4,43,11.9,16.0,7.1,42,12.2,16.1,8.4,41
2019-03-17,826879.0,13.8,18.1,10.5,48,11.9,18.9,3.3,50,13.1,18.4,7.1,45,13.4,18.4,8.0,46
2019-03-18,866145.0,13.8,20.4,8.1,54,14.1,21.5,5.3,49,13.7,20.7,6.1,52,13.7,19.8,7.0,51
2019-03-19,847087.0,14.9,21.0,10.0,59,15.0,20.9,8.0,54,15.5,21.0,9.5,52,14.3,19.6,7.7,60
2019-03-20,841277.0,16.2,24.0,9.1,64,14.2,18.8,9.9,61,17.0,23.7,11.9,64,17.1,22.6,12.4,69
2019-03-21,846348.0,17.3,24.6,10.5,56,15.7,24.6,6.8,53,17.5,24.9,9.2,53,17.7,23.7,11.1,68
2019-03-22,836978.0,18.1,26.4,10.1,62,17.3,24.3,9.0,54,18.7,25.7,10.7,58,18.7,25.3,10.9,65
2019-03-23,789215.0,18.5,23.4,13.6,75,18.3,21.5,15.2,71,20.3,23.5,16.5,68,20.3,23.0,17.6,74
2019-03-24,821097.0,20.6,25.2,15.8,81,21.2,26.3,17.0,77,22.2,27.4,18.7,76,21.5,27.3,18.3,80
2019-03-25,884259.0,22.8,28.1,19.4,80,17.8,22.0,12.7,70,22.9,27.6,18.3,71,22.7,27.6,19.5,78
2019-03-26,847064.0,19.8,25.7,13.9,55,15.4,21.1,9.3,66,18.6,25.0,12.4,61,19.8,25.9,14.1,55
2019-03-27,848448.0,17.3,23.6,11.8,53,16.9,23.1,10.6,62,17.9,24.8,10.2,67,18.5,25.4,11.1,68
2019-03-28,851199.0,18.0,23.9,11.8,72,18.7,24.1,13.2,65,19.3,26.0,13.6,70,19.9,26.1,14.7,72
2019-03-29,856499.0,20.8,24.9,16.7,76,19.9,22.8,16.7,73,20.8,25.7,17.0,72,21.2,27.6,16.9,72
2019-03-30,816362.0,19.4,24.8,13.2,77,13.7,20.2,9.1,69,16.9,20.8,11.3,70,17.9,21.9,12.9,68
2019-03-31,848988.0,10.8,12.8,8.5,60,8.6,13.0,4.2,50,10.4,13.8,7.7,45,11.5,15.6,8.7,42
2019-04-01,911443.0,9.7,13.5,5.0,59,9.6,15.4,4.5,51,10.4,16.4,6.0,55,11.1,16.6,7.0,52
2019-04-02,888369.0,12.7,22.1,3.5,61,13.0,21.4,4.7,57,13.7,22.6,4.1,52,13.3,22.1,3.2,53
2019-04-03,845936.0,16.5,21.8,10.3,74,15.5,20.7,9.9,65,16.8,20.8,12.3,78,17.1,20.9,13.7,84
2019-04-04,898052.0,22.4,27.4,19.4,87,20.5,27.8,16.6,80,24.2,32.6,18.8,67,23.3,30.6,19.5,75
2019-04-05,896840.0,22.7,27.3,20.2,87,18.8,25.6,12.5,81,21.7,27.9,15.9,77,21.8,28.0,15.6,72
2019-04-06,855481.0,23.5,28.0,20.8,88,18.6,19.6,17.2,88,20.7,22.3,18.2,93,22.4,26.1,20.5,89
2019-04-07,811797.0,21.7,23.6,18.8,87,18.8,22.0,16.0,89,18.6,20.4,16.6,91,20.3,24.8,16.3,79
2019-04-08,893260.0,21.1,27.7,17.0,75,21.5,28.1,15.8,73,22.5,30.4,16.0,63,21.7,30.8,14.0,59
2019-04-09,951960.0,23.4,31.1,16.0,66,21.6,30.2,11.4,60,22.7,31.0,14.1,64,22.9,32.6,13.1,60
2019-04-10,987290.0,23.6,30.9,16.2,68,24.9,31.3,18.8,52,24.4,32.8,16.3,58,25.2,34.9,15.1,54
2019-04-11,899578.0,22.7,26.2,20.3,78,18.8,23.8,13.0,41,21.9,27.0,16.2,45,23.0,28.6,16.6,42
2019-04-12,854762.0,20.0,24.7,16.6,77,15.0,21.8,7.3,47,17.8,24.9,10.2,62,20.0,26.6,12.7,53
2019-04-13,852013.0,22.2,26.1,13.9,78,13.2,16.9,6.7,87,18.1,24.4,10.6,73,19.4,23.3,12.3,70
2019-04-14,803857.0,15.1,22.2,8.5,55,12.9,19.5,6.3,59,15.0,23.1,8.0,52,15.5,23.2,7.9,51
2019-04-15,871067.0,17.6,25.5,8.7,69,18.2,25.6,10.8,59,18.8,26.7,10.6,59,19.4,28.3,9.7,57
2019-04-16,899472.0,21.1,26.3,16.4,76,20.3,23.8,16.0,73,21.7,25.9,17.8,76,21.8,27.6,17.8,76
2019-04-17,943897.0,22.9,25.0,20.7,85,22.3,25.9,20.3,84,23.8,27.5,21.3,83,24.2,28.9,21.2,83
2019-04-18,867274.0,20.8,24.1,17.0,80,18.3,21.9,15.0,72,19.6,24.2,14.3,68,19.8,25.5,13.8,64
2019-04-19,804522.0,18.0,22.8,13.0,50,15.4,19.7,11.4,51,18.1,24.3,13.2,43,18.8,26.1,12.3,46
2019-04-20,814713.0,17.7,25.7,8.2,58,17.3,25.5,7.7,62,18.6,26.8,8.8,56,19.5,28.4,8.9,54
2019-04-21,837263.0,20.1,26.4,13.0,69,21.1,27.0,14.4,66,21.1,28.0,13.8,72,21.6,29.4,13.8,69
2019-04-22,919246.0,21.9,26.3,17.3,74,21.4,25.2,17.4,73,22.1,26.9,18.8,77,22.5,27.1,19.2,75
2019-04-23,905861.0,22.4,24.5,20.6,81,21.3,24.4,18.8,80,21.8,24.6,20.0,86,22.5,25.8,20.3,84
2019-04-24,879718.0,22.2,25.2,19.5,82,17.7,19.4,15.8,90,18.6,20.8,15.4,94,19.2,23.6,14.7,89
2019-04-25,926240.0,23.0,28.7,18.0,72,20.3,27.0,14.9,73,21.4,30.2,13.5,67,21.4,31.0,12.7,66
2019-04-26,931651.0,23.3,29.7,15.8,65,20.2,25.1,14.2,55,21.4,27.0,16.8,65,22.6,28.7,15.5,64
2019-04-27,915882.0,23.0,28.0,18.6,66,22.1,28.4,15.5,65,22.4,28.9,15.1,65,23.1,30.5,14.5,59
2019-04-28,926176.0,22.6,27.4,17.7,72,22.9,26.9,18.3,71,23.0,28.4,18.6,75,23.5,29.9,18.3,73
2019-04-29,996487.0,25.0,29.2,20.9,79,22.7,26.7,19.0,78,23.7,27.4,20.3,76,23.7,27.6,20.7,76
2019-04-30,1024333.0,26.2,29.4,24.4,77,24.5,27.9,22.6,82,25.3,28.0,23.0,81,25.3,28.3,22.7,81
2019-05-01,1030672.0,25.9,28.8,23.6,77,24.1,27.9,20.7,84,25.6,28.1,23.1,80,25.6,27.8,23.8,81
2019-05-02,965812.0,25.2,28.3,22.5,74,19.9,24.9,16.5,85,22.5,27.5,18.7,85,24.3,28.4,20.7,82
2019-05-03,919866.0,23.9,26.3,22.2,84,20.2,25.2,16.5,84,21.6,25.4,18.5,88,21.9,27.4,19.2,88
2019-05-04,907147.0,23.8,28.9,18.4,74,20.8,25.2,17.3,78,22.1,27.6,16.6,77,22.4,28.5,16.6,77
2019-05-05,940675.0,23.7,28.8,18.8,73,21.6,27.8,14.4,74,22.8,29.3,15.6,74,23.6,30.4,16.6,72
2019-05-06,992146.0,23.2,27.5,18.1,76,23.8,28.0,20.6,72,22.6,25.8,19.4,78,21.7,24.5,18.9,83
2019-05-07,1009197.0,23.8,26.0,21.8,87,23.8,28.5,19.9,82,24.0,28.5,20.8,85,24.4,29.5,20.9,86
2019-05-08,966479.0,25.2,28.2,22.2,82,19.8,22.7,17.7,89,22.6,25.6,20.1,89,23.4,27.1,21.6,89
2019-05-09,994888.0,26.2,29.8,21.8,85,19.2,24.6,14.7,87,24.8,28.7,19.5,84,25.4,30.4,22.0,84
2019-05-10,853711.0,22.0,25.7,19.4,83,13.5,16.3,10.7,76,15.3,18.2,12.4,83,16.7,20.7,13.8,78
2019-05-11,810328.0,21.3,24.1,19.8,93,15.5,17.4,14.0,88,16.8,20.1,14.5,87,17.1,21.3,15.0,87
2019-05-12,832850.0,21.5,25.4,18.2,77,19.1,24.6,14.0,71,20.0,25.7,13.8,73,20.8,26.8,14.6,72
2019-05-13,935346.0,22.4,28.3,15.7,71,21.6,28.0,14.3,68,21.5,27.9,14.1,72,21.7,26.8,14.8,73
2019-05-14,983197.0,23.6,29.0,17.9,75,22.6,28.3,15.7,70,23.1,27.7,18.0,75,23.5,29.1,18.2,75
2019-05-15,1021502.0,24.4,29.1,19.7,73,24.0,29.6,17.4,72,24.3,29.3,19.0,76,24.4,29.3,20.1,79
2019-05-16,1045924.0,24.2,29.4,18.8,76,24.8,30.1,19.0,69,24.9,30.6,19.3,74,25.0,30.6,20.1,75
2019-05-17,1075444.0,25.4,29.7,20.7,82,25.3,30.3,20.3,73,26.5,31.3,22.3,77,26.4,30.8,22.7,80
2019-05-18,1007895.0,26.8,29.2,25.0,83,23.2,25.5,21.0,87,26.2,28.2,24.6,84,27.1,30.5,24.6,82
2019-05-19,1063190.0,27.6,31.5,24.4,82,24.8,29.5,21.0,70,28.0,32.8,24.6,79,28.1,32.7,24.2,79
2019-05-20,1157277.0,27.8,30.8,25.5,79,26.8,31.6,22.9,79,27.9,31.8,25.4,77,28.0,32.2,25.6,77
2019-05-21,1095621.0,27.8,30.2,25.8,77,24.1,28.1,20.5,66,26.2,30.6,22.4,66,27.1,31.8,23.8,63
2019-05-22,1163268.0,28.2,31.1,26.1,78,26.3,32.0,18.6,74,28.1,32.2,22.2,74,28.2,32.9,23.7,72
2019-05-23,1209206.0,27.9,30.5,25.5,78,28.0,31.7,24.7,74,28.6,32.9,25.1,74,28.9,33.7,25.3,72
2019-05-24,1188300.0,27.6,31.1,24.4,77,27.7,31.5,24.7,73,28.1,31.9,25.0,70,28.2,32.8,25.0,71
2019-05-25,1125065.0,27.5,31.5,23.8,77,27.2,32.1,22.5,73,27.6,32.5,24.2,73,28.0,32.9,24.3,72
2019-05-26,1094000.0,27.2,31.4,22.9,75,26.9,31.1,22.9,73,27.4,32.5,23.4,69,27.4,32.5,23.5,71
2019-05-27,1118467.0,27.3,31.8,23.2,70,26.9,31.3,22.9,69,26.9,32.1,22.2,71,27.3,33.2,22.9,69
2019-05-28,1166704.0,28.0,31.3,25.1,78,26.7,30.1,22.8,70,27.2,32.3,23.4,73,27.5,32.5,23.4,69
2019-05-29,1150170.0,27.9,30.8,25.5,74,25.2,27.4,22.7,84,28.1,32.0,25.8,74,28.4,33.5,25.4,72
2019-05-30,1119911.0,26.9,30.0,24.8,82,24.4,29.3,19.7,75,25.6,29.0,22.5,84,26.4,31.2,23.6,82
2019-05-31,1110970.0,27.3,32.1,23.8,80,24.4,29.2,19.4,73,26.7,31.6,22.7,79,26.9,32.1,22.2,77
2019-06-01,1123167.0,27.4,33.2,21.7,78,25.4,31.8,20.1,78,28.2,33.2,23.5,75,28.3,33.4,23.3,71
2019-06-02,1113437.0,28.5,33.4,24.3,76,25.2,29.5,21.2,78,28.2,33.3,22.9,70,28.4,33.7,23.2,70
2019-06-03,1220022.0,28.5,33.1,23.5,73,27.9,32.9,23.3,76,29.1,33.4,24.0,66,28.6,33.1,23.7,68
2019-06-04,1154928.0,27.4,32.5,23.5,80,26.8,29.9,23.8,76,26.8,30.5,23.3,73,26.7,29.6,23.6,77
2019-06-05,1106648.0,25.2,26.2,24.2,91,25.2,27.3,23.1,88,26.7,31.5,23.7,82,28.2,34.6,23.5,74
2019-06-06,1151154.0,27.3,33.1,22.8,80,25.5,32.0,21.1,77,25.7,31.9,20.9,82,27.3,34.9,20.9,72
2019-06-07,1163727.0,28.4,33.8,22.9,71,25.3,30.1,20.9,73,28.2,35.1,22.1,67,29.8,37.8,21.7,61
2019-06-08,1188298.0,28.9,34.8,22.7,67,27.6,33.0,22.1,73,28.4,34.7,21.0,67,30.2,37.6,22.2,59
2019-06-09,1176882.0,29.5,34.9,24.4,72,27.1,31.3,23.3,74,28.2,34.3,23.4,75,31.1,39.0,24.5,61
2019-06-10,1125590.0,29.4,33.8,25.3,65,24.8,28.2,20.7,57,26.1,29.7,23.7,70,27.7,32.1,24.1,64
2019-06-11,1039363.0,26.9,30.1,23.7,58,22.6,25.6,18.6,61,23.5,26.7,21.3,69,23.9,26.0,21.1,66
2019-06-12,1089103.0,26.7,32.9,21.5,65,23.7,30.0,17.1,66,24.8,31.1,18.8,73,25.8,32.3,19.6,67
2019-06-13,1135519.0,27.9,33.0,22.5,61,24.7,30.2,17.2,59,26.3,31.1,21.4,62,27.8,33.3,21.4,59
2019-06-14,1176583.0,28.0,32.4,23.9,68,26.6,32.3,20.2,65,27.0,32.9,20.5,62,28.6,34.6,22.5,59
2019-06-15,1216489.0,29.3,33.4,25.3,69,29.0,34.3,23.9,68,29.2,34.9,24.7,66,29.7,36.1,24.8,63
2019-06-16,1087517.0,27.4,30.4,23.2,79,23.6,28.7,20.1,81,27.8,32.7,24.5,74,29.5,36.9,25.2,68
2019-06-17,1100237.0,25.6,31.4,20.9,80,24.4,29.7,19.4,77,25.5,31.3,20.4,78,26.9,32.5,22.1,75
2019-06-18,1217769.0,28.4,33.3,23.4,75,27.3,32.8,21.7,70,28.1,33.6,22.4,72,29.8,36.1,23.3,60
2019-06-19,1296457.0,29.5,34.4,25.1,76,27.6,34.0,22.0,77,30.4,36.7,24.2,67,31.6,38.9,25.2,61
2019-06-20,1318502.0,29.8,34.1,26.2,75,29.1,34.7,22.7,79,30.2,35.5,25.6,71,31.5,37.8,26.1,64
2019-06-21,1351817.0,30.3,33.4,27.7,76,30.5,34.7,26.7,72,30.1,34.9,26.0,71,30.8,36.7,25.9,67
2019-06-22,1258627.0,30.1,33.1,27.5,78,29.6,32.3,27.1,75,29.0,32.7,25.4,76,29.3,34.7,24.0,71
2019-06-23,1258825.0,30.2,33.0,27.8,79,28.3,32.9,23.6,82,30.3,35.0,27.1,74,30.7,36.5,26.6,70
2019-06-24,1128528.0,25.8,28.5,22.0,85,24.0,28.7,19.4,84,26.2,30.7,23.8,79,26.7,31.7,23.0,80
2019-06-25,1130396.0,25.0,27.9,23.3,85,26.7,32.0,22.2,78,26.2,32.2,22.4,77,26.1,31.2,21.9,77
2019-06-26,1169771.0,27.0,30.8,23.3,82,26.8,31.5,21.5,80,26.7,32.2,22.6,81,26.5,30.4,23.6,81
2019-06-27,1199113.0,27.8,31.9,25.2,80,27.3,32.5,22.8,77,27.3,32.1,24.2,80,27.6,31.7,25.1,81
2019-06-28,1220771.0,26.9,32.7,22.9,80,28.2,33.5,22.7,75,28.0,33.4,23.3,74,27.7,33.2,23.5,78
2019-06-29,1161460.0,25.5,30.3,22.5,80,28.0,33.9,24.1,80,28.3,34.6,22.7,67,28.2,34.1,22.1,69
2019-06-30,1077162.0,25.3,29.8,21.9,83,25.7,30.4,21.2,82,25.3,30.4,21.7,78,25.6,30.3,22.1,76
2019-07-01,1208116.0,27.7,31.8,23.2,78,26.3,30.8,23.0,84,28.1,33.3,23.4,70,27.5,33.2,22.5,73
2019-07-02,1226515.0,26.8,31.0,24.4,85,28.1,33.0,24.0,78,27.9,32.3,23.8,77,27.9,33.3,23.5,77
2019-07-03,1190321.0,27.0,29.9,23.7,85,27.4,32.7,23.3,81,27.3,32.8,24.3,80,27.3,31.9,23.7,79
2019-07-04,1186295.0,28.9,32.7,25.7,79,28.9,33.0,24.9,78,28.8,34.3,24.4,73,28.4,33.8,23.8,73
2019-07-05,1261061.0,29.4,33.7,26.2,78,29.6,33.7,25.4,73,29.9,34.8,25.8,71,29.7,35.0,25.5,69
2019-07-06,1224108.0,29.0,34.1,24.5,78,28.5,33.1,24.9,77,29.7,35.0,24.7,70,29.4,34.5,24.1,70
2019-07-07,1229253.0,29.2,33.9,24.3,78,29.6,34.6,25.1,72,30.1,35.1,25.4,66,29.8,35.0,25.2,68
2019-07-08,1290551.0,29.2,33.2,25.0,78,28.9,33.5,25.3,72,29.5,34.8,25.1,69,29.8,35.0,24.5,68
2019-07-09,1323136.0,29.9,34.2,25.7,73,29.8,34.7,25.6,76,30.5,36.2,25.0,65,30.3,35.7,25.5,65
2019-07-10,1342045.0,29.8,34.4,24.9,72,29.3,35.2,23.9,79,30.9,36.7,25.6,65,30.7,36.7,24.9,66
2019-07-11,1294686.0,30.2,35.2,25.0,70,29.0,34.9,23.6,72,30.1,36.4,24.3,65,30.3,36.3,24.6,62
2019-07-12,1291256.0,31.4,36.7,26.8,57,28.4,32.6,23.1,65,30.2,35.3,24.9,58,30.0,35.2,24.2,60
2019-07-13,1228274.0,29.8,33.7,26.4,62,28.7,33.1,23.8,69,29.7,34.5,24.1,57,30.3,36.7,22.9,52
2019-07-14,1197862.0,29.0,33.5,24.8,70,27.1,30.9,23.7,73,30.5,36.2,25.2,64,31.2,37.3,25.5,58
2019-07-15,1296087.0,29.1,31.8,26.8,82,28.1,33.9,22.4,69,30.8,36.4,25.3,66,31.0,37.0,25.5,64
2019-07-16,1365082.0,29.9,33.9,26.8,74,31.0,35.5,26.5,69,31.4,37.6,26.2,60,31.0,37.0,25.8,60
2019-07-17,1362270.0,29.6,33.3,26.1,78,30.5,34.7,25.8,66,31.1,36.9,25.7,62,30.7,36.9,25.9,62
2019-07-18,1360863.0,29.5,33.7,25.0,75,30.4,35.2,25.3,66,31.2,37.9,25.1,61,31.0,37.3,25.3,61
2019-07-19,1355543.0,29.4,33.4,24.9,75,30.6,35.3,25.4,63,31.0,37.9,24.9,60,30.6,37.1,24.6,60
2019-07-20,1318319.0,29.5,34.2,25.0,74,30.6,35.4,25.4,63,31.3,38.2,24.8,57,30.6,37.3,23.8,57
2019-07-21,1279279.0,28.6,32.2,24.8,77,30.4,35.8,25.1,58,30.9,37.7,24.4,58,30.3,37.0,23.6,60
2019-07-22,1296646.0,27.9,30.7,25.8,81,29.3,34.0,24.9,64,31.1,37.5,25.1,56,29.9,35.4,24.1,61
2019-07-23,1202921.0,27.8,30.5,25.2,72,27.7,31.6,23.0,53,29.3,34.1,24.8,56,29.5,34.4,25.2,57
2019-07-24,1149137.0,26.1,31.4,20.6,58,26.0,31.0,21.0,57,27.5,32.7,22.0,44,28.0,33.6,22.6,43
2019-07-25,1136753.0,26.2,31.8,19.8,57,25.6,31.0,18.4,56,26.4,33.0,17.9,44,26.5,33.6,17.8,43
2019-07-26,1169100.0,27.6,33.9,20.8,62,26.5,31.8,19.8,55,27.3,33.9,18.7,47,27.1,34.1,17.9,49
2019-07-27,1208855.0,28.6,33.8,23.9,76,28.1,34.2,21.5,57,29.3,35.4,21.0,49,28.5,36.1,20.6,48
2019-07-28,1245648.0,28.0,31.3,25.1,76,29.9,35.4,24.5,64,30.8,36.6,25.0,58,30.5,37.1,24.8,62
2019-07-29,1310538.0,28.8,34.1,24.7,74,29.5,33.6,25.6,65,31.1,37.3,24.9,57,30.4,36.5,24.1,61
2019-07-30,1341310.0,28.3,33.8,25.1,79,31.2,37.3,25.4,60,31.7,38.6,25.6,56,31.0,37.1,24.7,59
2019-07-31,1335079.0,28.3,33.0,23.9,80,30.1,36.2,23.6,63,31.7,38.1,25.0,53,31.4,38.0,24.2,54
2019-08-01,1331427.0,28.6,33.2,24.0,77,30.3,35.1,25.0,61,31.3,37.0,24.9,55,30.9,37.0,23.9,56
2019-08-02,1337337.0,29.2,34.4,24.2,72,30.4,34.8,25.5,61,31.7,37.6,25.0,50,31.0,37.3,23.7,54
2019-08-03,1229949.0,28.9,33.9,25.0,71,28.1,31.2,25.5,73,30.4,33.9,26.7,55,31.0,35.8,25.0,55
2019-08-04,1218306.0,28.7,32.0,25.7,74,28.2,32.8,24.3,80,30.0,35.2,25.3,61,30.5,35.7,25.0,55
2019-08-05,1341443.0,28.8,33.1,24.7,77,29.8,35.2,24.4,72,31.4,37.7,24.9,58,31.2,37.5,24.6,58
2019-08-06,1379945.0,29.4,33.8,24.6,75,31.0,35.6,26.1,68,32.0,37.7,25.5,57,31.3,37.7,24.9,61
2019-08-07,1414333.0,30.0,34.4,25.8,72,31.7,37.1,26.4,66,32.4,38.8,26.2,55,31.6,38.0,25.7,59
2019-08-08,1409123.0,30.6,35.4,26.1,71,30.8,35.0,26.7,65,32.3,38.4,26.6,56,31.9,38.3,26.0,58
2019-08-09,1416797.0,30.8,36.1,26.5,71,31.7,37.6,26.8,60,32.4,38.9,26.7,56,31.7,38.4,26.0,60
2019-08-10,1379878.0,30.4,36.4,25.2,71,31.8,37.3,26.2,59,32.1,38.7,26.0,56,31.7,38.5,25.9,59
2019-08-11,1374897.0,30.6,36.6,25.4,72,31.8,37.1,26.2,55,32.5,39.1,26.1,55,31.8,38.4,25.9,59
2019-08-12,1447884.0,31.2,37.1,26.3,67,32.3,37.7,26.8,56,32.7,39.3,26.3,53,32.0,39.1,25.8,57
2019-08-13,1447287.0,31.4,37.7,26.3,65,32.3,37.6,26.9,57,32.8,39.5,26.1,54,32.3,39.3,25.7,55
2019-08-14,1386595.0,30.7,37.2,26.5,66,29.8,33.9,24.5,66,31.5,38.4,25.8,59,31.5,38.2,24.7,59
2019-08-15,1367299.0,29.7,35.6,25.0,72,30.9,36.4,24.7,62,31.0,37.7,24.9,61,31.3,37.6,25.6,59
2019-08-16,1401743.0,29.4,34.7,24.7,77,31.6,37.6,25.3,56,32.9,38.9,26.0,53,32.4,39.0,25.5,53
2019-08-17,1380434.0,29.9,34.2,26.2,73,32.0,37.6,26.7,59,32.6,39.0,26.6,54,32.2,38.8,25.9,56
2019-08-18,1375111.0,30.3,34.7,26.2,72,31.9,37.2,26.8,59,32.5,38.8,26.7,55,32.1,38.8,26.1,56
2019-08-19,1434374.0,30.1,34.3,26.1,75,32.3,37.6,27.0,56,32.2,38.8,26.1,56,31.8,38.4,26.2,59
2019-08-20,1400589.0,28.7,32.6,25.7,80,32.4,37.6,26.5,56,31.6,37.8,26.3,58,31.8,38.5,25.9,55
2019-08-21,1380718.0,28.7,32.5,24.5,76,31.8,37.0,26.4,56,31.4,37.7,25.5,54,30.9,37.2,24.7,57
2019-08-22,1368753.0,28.8,33.3,24.2,76,31.7,36.8,26.3,52,30.8,37.8,25.4,61,30.8,37.2,24.9,61
2019-08-23,1311775.0,27.7,30.7,25.1,81,30.1,34.0,26.1,62,30.5,36.8,25.6,64,30.4,37.7,25.3,65
2019-08-24,1247141.0,27.9,32.0,24.2,83,28.8,33.8,24.7,71,29.6,35.3,25.6,68,29.6,36.5,25.0,71
2019-08-25,1272727.0,27.6,31.9,25.5,86,30.5,36.4,24.5,64,30.8,37.7,24.7,69,29.7,36.0,23.9,77
2019-08-26,1431297.0,29.9,34.3,25.9,78,32.8,38.6,27.3,60,32.2,38.6,26.3,63,31.4,37.9,25.6,67
2019-08-27,1300708.0,29.7,33.6,26.4,78,27.4,33.2,24.1,72,30.1,35.8,26.6,66,30.1,34.9,26.7,68
2019-08-28,1284563.0,28.1,32.6,24.9,83,28.2,33.5,23.3,74,29.8,36.5,25.1,70,29.8,35.7,24.9,71
2019-08-29,1335991.0,28.4,33.2,23.5,77,30.5,36.3,24.7,64,30.6,37.1,25.6,69,31.3,37.8,25.3,61
2019-08-30,1277663.0,28.5,33.5,24.4,79,28.5,33.4,25.2,68,30.2,35.8,25.4,65,30.7,36.9,25.8,62
2019-08-31,1173639.0,28.2,32.3,24.1,80,26.2,29.8,23.2,78,29.6,36.0,23.7,61,30.2,36.8,23.5,58
2019-09-01,1202198.0,29.3,35.4,24.0,71,28.5,34.2,22.3,69,29.2,35.2,24.2,65,30.2,35.4,23.9,56
2019-09-02,1244567.0,29.6,35.5,23.9,66,29.6,35.5,22.8,60,30.5,37.1,23.3,52,31.0,38.0,23.4,49
2019-09-03,1291084.0,29.4,34.6,24.1,68,29.7,35.1,23.1,60,30.2,36.7,22.0,48,30.9,37.7,23.1,49
2019-09-04,1308227.0,30.2,36.0,25.1,66,30.2,36.4,23.5,54,31.1,37.0,24.1,52,30.8,36.7,24.7,55
2019-09-05,1295038.0,29.7,36.4,23.0,66,30.3,36.4,23.9,54,31.2,38.2,23.7,50,29.7,35.5,23.8,62
2019-09-06,1309344.0,29.9,36.6,23.6,63,30.7,37.0,23.4,52,31.9,37.9,24.7,48,31.3,38.1,24.0,55
2019-09-07,1282332.0,29.2,36.8,22.5,66,31.1,37.8,24.6,48,31.8,38.5,24.7,49,31.2,38.1,24.8,55
2019-09-08,1259381.0,28.9,36.3,22.1,68,30.5,37.1,23.8,47,30.5,36.9,24.4,56,29.8,36.4,24.5,61
2019-09-09,1290508.0,28.7,34.6,24.1,72,29.6,34.8,24.1,53,30.2,37.7,24.6,59,29.5,35.4,24.5,62
2019-09-10,1264364.0,28.4,33.2,24.6,74,29.1,34.9,23.7,63,28.7,35.2,24.3,64,27.9,34.1,23.9,69
2019-09-11,1227083.0,28.2,34.1,25.3,76,28.2,34.8,23.0,68,27.3,35.7,23.7,74,26.7,32.9,24.0,78
2019-09-12,1243617.0,28.8,33.9,24.1,71,28.7,34.9,23.1,66,29.1,36.4,23.5,68,28.1,35.1,22.8,73
2019-09-13,1246855.0,28.7,34.6,23.4,68,29.7,35.2,24.6,57,29.5,35.7,23.1,60,28.9,35.0,23.2,63
2019-09-14,1211635.0,29.3,36.5,23.3,62,30.0,36.4,23.5,53,30.6,37.9,23.0,48,29.5,35.8,22.4,51
2019-09-15,1211684.0,29.2,35.3,23.7,65,30.4,36.5,23.8,52,29.7,36.4,22.3,51,28.9,35.8,21.5,55
2019-09-16,1256008.0,28.0,34.1,24.5,71,30.2,35.6,24.3,53,30.4,36.3,24.1,50,29.6,36.1,22.7,54
2019-09-17,1204563.0,25.0,26.4,23.7,91,28.9,34.5,23.4,61,28.2,33.3,23.7,67,28.7,35.1,23.3,63
2019-09-18,1221138.0,25.2,29.0,23.5,92,28.5,33.5,23.8,66,29.6,37.0,23.6,64,30.6,38.9,22.8,61
2019-09-19,1164859.0,25.7,26.6,23.9,92,25.7,27.9,24.0,76,29.9,36.6,25.4,67,31.3,37.7,25.7,60
2019-09-20,1213849.0,26.8,29.7,25.6,86,27.5,34.1,22.9,84,30.2,36.6,25.9,67,30.5,37.6,26.1,63
2019-09-21,1195603.0,27.7,32.0,24.3,78,28.7,33.9,24.5,70,29.2,34.6,25.1,71,29.4,34.7,25.3,69
2019-09-22,1189815.0,27.4,30.7,24.5,84,29.1,34.1,24.4,66,29.7,35.1,24.6,65,29.6,35.6,24.5,65
2019-09-23,1266167.0,27.5,31.2,24.4,84,29.5,34.4,25.4,69,30.4,36.2,24.8,63,30.0,36.2,24.3,64
2019-09-24,1260871.0,27.3,31.5,23.8,79,29.6,34.7,25.1,65,29.6,34.5,25.4,67,29.2,34.7,24.7,68
2019-09-25,1264742.0,26.3,31.0,21.5,80,30.1,36.2,24.7,61,29.7,36.5,23.9,62,29.4,35.7,23.8,64
2019-09-26,1254646.0,26.2,31.4,20.9,79,29.6,34.8,24.7,60,29.8,35.9,23.9,57,29.4,35.6,23.5,61
2019-09-27,1226570.0,26.4,29.8,22.9,84,29.0,35.1,23.2,61,29.2,35.7,23.3,61,28.8,35.6,22.0,60
2019-09-28,1223080.0,27.9,31.5,24.6,80,29.6,34.9,25.5,66,29.3,34.7,25.7,71,29.0,33.5,25.3,72
2019-09-29,1223925.0,28.2,31.6,25.3,80,29.9,34.9,26.1,65,30.5,35.7,26.2,64,29.8,35.5,26.0,67
2019-09-30,1268427.0,28.3,32.1,25.7,82,29.4,34.2,24.4,66,29.9,34.8,26.5,69,29.3,34.0,26.1,73
2019-10-01,1261193.0,27.6,31.7,24.1,81,29.8,35.0,24.8,61,30.1,36.4,25.1,62,29.3,35.1,25.1,68
2019-10-02,1246610.0,27.3,32.0,22.8,82,29.3,35.3,23.5,59,29.6,35.7,24.1,61,28.4,34.5,23.1,67
2019-10-03,1228639.0,27.2,32.3,23.5,82,29.3,34.7,23.5,56,29.2,35.4,23.1,61,28.2,33.5,22.4,66
2019-10-04,1183135.0,27.0,32.5,22.4,78,27.2,32.3,23.1,70,28.6,34.1,23.4,56,27.8,33.9,21.8,59
2019-10-05,1152593.0,26.4,32.3,21.9,83,27.8,34.6,21.7,61,28.7,35.0,21.5,53,27.9,34.6,21.3,61
2019-10-06,1152681.0,26.4,31.3,21.7,82,28.6,35.0,23.0,56,29.1,35.9,22.3,50,28.3,35.3,20.7,56
2019-10-07,1040706.0,24.6,29.0,21.0,84,20.5,26.0,15.8,59,24.6,28.5,19.6,59,26.0,30.7,22.3,56
2019-10-08,984125.0,22.1,26.7,18.8,75,19.5,26.3,12.1,61,22.8,30.3,15.8,52,23.9,30.9,17.2,53
2019-10-09,1082699.0,24.1,30.2,18.7,84,23.9,31.4,16.9,63,26.8,34.1,20.6,59,27.2,34.1,21.5,62
2019-10-10,1200035.0,27.1,31.9,22.9,76,27.3,32.5,21.4,69,29.8,35.7,25.5,64,29.8,35.7,25.6,64
2019-10-11,900899.0,19.3,25.6,12.2,81,12.6,20.0,7.4,62,15.4,26.1,9.4,64,16.7,26.6,11.7,64
2019-10-12,794179.0,15.7,20.6,12.5,53,11.7,18.2,3.8,47,15.3,20.4,11.5,33,16.3,21.5,13.1,30
2019-10-13,826333.0,19.8,26.0,14.3,68,17.7,24.5,11.5,59,20.2,26.9,14.8,40,20.3,26.1,14.9,39
2019-10-14,988288.0,25.1,29.4,21.9,87,19.8,23.2,16.1,81,25.3,30.9,21.3,72,26.0,31.7,21.3,64
2019-10-15,1106187.0,27.4,32.1,24.6,83,24.6,28.4,21.6,85,27.4,32.6,24.7,77,27.8,34.2,24.2,73
2019-10-16,900208.0,21.0,25.2,17.4,87,16.6,20.1,12.8,53,20.0,24.3,15.3,55,20.3,24.2,16.3,60
2019-10-17,836412.0,16.3,18.9,13.9,69,14.6,21.2,8.7,70,17.1,24.1,13.0,52,18.1,24.1,14.0,47
2019-10-18,885833.0,18.8,26.0,12.8,76,16.8,24.6,9.6,63,19.3,28.5,11.0,58,19.5,28.2,11.7,59
2019-10-19,959693.0,24.1,31.3,17.5,84,21.5,28.9,15.6,66,25.5,34.4,19.3,64,25.6,32.9,20.2,72
2019-10-20,1006426.0,27.1,31.7,23.0,84,21.7,31.2,12.3,75,25.3,33.6,18.8,62,26.1,33.2,20.9,78
2019-10-21,950577.0,22.5,27.0,17.6,76,19.2,24.8,14.0,48,22.5,26.6,16.4,50,23.7,28.1,16.8,53
2019-10-22,861880.0,18.8,26.3,11.7,51,15.2,23.1,8.6,48,18.5,27.3,9.7,40,19.9,28.2,11.4,34
2019-10-23,895988.0,19.3,26.8,12.6,64,18.8,27.2,11.3,53,21.0,30.2,11.9,53,21.5,30.9,12.2,55
2019-10-24,930645.0,21.9,27.6,17.0,78,18.2,23.5,12.3,83,21.7,28.8,11.8,77,22.8,29.8,11.3,74
2019-10-25,865064.0,14.2,20.9,11.6,82,9.3,10.5,8.1,93,10.6,14.5,6.7,70,11.6,16.6,7.5,62
2019-10-26,811784.0,13.6,19.0,9.8,71,13.3,19.6,9.1,74,13.6,22.4,7.7,59,13.9,23.4,7.5,46
2019-10-27,810277.0,17.1,25.1,9.6,78,16.0,24.5,9.0,61,16.5,26.4,7.1,48,16.4,26.9,6.0,47
2019-10-28,877260.0,19.4,24.5,15.4,82,13.9,17.4,11.6,87,18.4,24.4,12.6,83,20.1,28.2,13.5,76
2019-10-29,923220.0,20.9,23.0,18.9,92,8.9,11.2,7.4,92,13.5,18.9,10.9,95,16.6,20.2,13.8,93
2019-10-30,974542.0,17.0,21.4,8.7,92,6.6,7.7,4.5,88,8.1,10.8,6.4,87,10.1,14.2,6.7,88
2019-10-31,1006682.0,8.4,13.4,4.7,61,4.5,10.3,-0.7,58,6.0,12.3,1.1,55,6.8,13.4,2.0,53
2019-11-01,974173.0,8.6,15.2,2.2,67,6.8,15.8,-0.9,58,8.1,16.6,-0.9,52,8.4,17.0,0.5,53
2019-11-02,867225.0,12.8,19.0,7.5,65,9.6,17.7,2.9,60,11.3,20.3,3.6,54,12.4,21.0,4.2,48
2019-11-03,882572.0,12.2,19.8,5.5,70,11.3,20.0,3.1,61,13.4,21.7,4.2,55,13.4,22.3,5.5,55
2019-11-04,877059.0,18.4,24.0,11.6,78,17.0,25.2,10.7,74,18.7,27.5,11.2,72,19.0,27.6,11.5,73
2019-11-05,898146.0,21.9,27.3,18.3,85,17.7,19.8,16.5,93,21.7,27.3,17.6,81,22.2,27.7,17.9,81
2019-11-06,909251.0,20.5,26.7,16.4,76,20.3,24.5,16.0,84,23.2,27.7,20.5,78,23.7,27.7,20.9,78
2019-11-07,916455.0,18.4,23.7,14.4,90,12.0,20.0,6.4,85,15.8,20.9,7.4,87,17.1,21.6,8.5,88
2019-11-08,947972.0,11.2,13.6,8.9,88,8.0,12.4,5.0,66,8.7,11.6,6.9,78,8.6,10.2,7.0,84
2019-11-09,868879.0,10.8,19.2,4.9,65,11.0,19.9,3.5,75,12.5,21.0,5.5,73,13.0,20.9,6.9,75
2019-11-10,823870.0,14.8,23.4,5.7,75,15.7,23.3,8.4,70,16.6,24.4,8.6,68,16.2,22.8,8.9,74
2019-11-11,961742.0,17.4,24.1,6.8,80,10.8,19.2,0.2,78,14.7,22.9,1.5,78,15.1,22.9,2.1,80
2019-11-12,1214071.0,4.6,7.8,2.3,64,-0.7,4.2,-4.7,54,2.0,6.3,-0.8,51,3.1,7.2,0.6,49
2019-11-13,1181656.0,4.1,7.8,-0.9,61,2.3,7.9,-4.0,57,2.4,5.2,-1.2,63,3.3,5.4,1.3,62
2019-11-14,1046745.0,7.4,8.1,6.4,81,8.3,14.2,4.5,55,6.3,8.1,4.5,83,6.6,8.7,4.6,87
2019-11-15,982668.0,9.4,16.8,4.1,74,8.3,15.8,0.9,59,8.6,17.4,2.0,66,9.1,17.9,2.2,66
2019-11-16,923787.0,9.2,16.8,2.3,71,8.8,16.9,1.3,63,9.7,17.9,0.0,61,10.1,18.1,3.2,61
2019-11-17,861907.0,11.9,19.6,3.9,71,11.2,19.3,4.0,69,12.7,21.4,5.4,72,12.9,20.5,6.0,75
2019-11-18,882373.0,15.1,22.6,8.6,72,12.6,22.0,3.9,62,14.1,23.2,6.8,64,14.6,23.7,7.5,66
2019-11-19,873730.0,15.7,25.4,7.5,79,16.0,26.3,6.3,62,16.7,26.4,7.6,70,16.3,24.9,8.1,76
2019-11-20,881856.0,20.5,26.3,14.8,80,19.7,25.0,14.9,77,21.4,27.2,16.6,78,21.1,27.1,16.6,79
2019-11-21,906201.0,23.3,26.2,21.1,78,20.4,23.4,17.1,91,23.1,26.1,21.4,77,22.5,26.1,19.7,77
2019-11-22,908078.0,20.5,25.2,13.0,88,10.0,16.7,7.4,85,14.9,22.0,10.0,83,16.0,21.2,11.1,81
2019-11-23,883857.0,12.7,18.4,8.5,72,7.8,13.1,3.5,74,11.7,20.8,5.0,65,13.5,23.0,6.1,62
2019-11-24,861054.0,11.9,19.7,4.9,72,11.0,20.4,2.4,65,13.5,23.4,4.1,63,14.2,23.8,5.8,63
2019-11-25,888487.0,18.0,26.0,9.9,82,15.5,23.2,10.1,60,19.1,29.1,11.2,57,18.3,28.4,9.7,62
2019-11-26,910015.0,24.1,26.9,21.1,85,19.0,22.0,14.9,72,21.0,24.5,18.2,78,20.8,27.1,16.5,73
2019-11-27,906112.0,19.3,23.4,16.6,48,9.8,16.0,5.6,44,14.8,21.7,11.9,30,15.9,21.2,13.0,30
2019-11-28,881200.0,18.6,21.7,16.2,67,8.6,10.4,7.6,76,11.7,12.8,9.4,64,12.1,14.7,8.5,70
2019-11-29,888004.0,21.8,24.3,19.4,91,12.2,20.4,8.1,95,16.3,22.9,11.8,93,17.2,22.7,13.5,94
2019-11-30,883177.0,24.4,27.2,22.4,85,20.4,22.4,14.8,68,24.4,29.1,19.7,73,24.0,29.5,19.4,77
2019-12-01,851576.0,15.7,21.8,10.4,47,10.3,14.4,6.1,40,13.8,19.0,8.9,32,14.7,19.4,9.0,32
2019-12-02,951571.0,10.8,17.1,6.0,51,7.8,13.7,3.3,54,10.6,18.6,4.6,43,11.2,19.9,4.6,41
2019-12-03,948444.0,11.6,21.1,2.9,70,10.9,20.7,4.3,57,12.9,23.7,4.0,48,12.4,22.6,3.5,50
2019-12-04,915504.0,14.0,22.8,7.3,69,12.0,20.3,4.2,60,15.1,23.5,8.4,44,15.5,23.5,9.3,44
2019-12-05,902348.0,16.3,23.7,9.6,78,16.0,22.7,9.8,61,16.5,23.3,11.3,71,15.9,22.2,11.1,79
2019-12-06,885323.0,18.8,23.3,15.3,75,14.7,18.5,10.4,63,17.3,22.7,13.2,57,17.4,23.8,13.0,57
2019-12-07,874989.0,15.3,21.4,11.5,71,9.9,17.0,4.2,72,13.1,21.2,6.6,61,13.7,21.4,7.4,58
2019-12-08,867030.0,15.5,22.8,9.2,82,14.7,20.6,9.5,74,16.1,24.0,9.2,71,15.6,24.1,8.1,73
2019-12-09,923029.0,22.8,27.6,17.9,82,17.0,22.8,8.6,64,20.8,26.3,17.3,75,19.7,24.4,16.3,83
2019-12-10,1025445.0,12.8,22.0,8.6,89,4.6,7.5,2.8,72,8.3,15.3,5.7,75,10.1,18.3,7.2,73
2019-12-11,1053668.0,9.5,14.6,7.1,65,5.0,11.8,0.4,73,6.8,12.9,3.9,71,7.5,12.8,4.7,70
2019-12-12,1015582.0,10.5,17.0,4.9,74,7.3,14.0,1.3,70,8.6,17.0,2.1,73,8.7,16.5,2.7,73
2019-12-13,939269.0,16.7,24.1,12.4,73,10.0,16.5,5.7,81,14.1,25.3,6.6,59,14.2,26.4,6.0,61
2019-12-14,890376.0,14.5,22.7,7.4,76,10.2,18.1,2.7,77,14.4,25.1,4.8,58,15.6,26.7,6.5,54
2019-12-15,889175.0,22.5,27.6,16.6,85,14.2,22.6,9.0,80,18.3,27.2,12.7,69,17.5,27.1,9.4,68
2019-12-16,1014775.0,19.0,25.4,7.8,85,5.3,8.9,2.5,81,12.9,18.2,6.2,75,15.0,18.2,7.6,73
2019-12-17,1106530.0,6.8,11.0,4.0,62,3.9,10.2,-0.3,66,6.5,12.8,2.2,50,7.1,12.9,3.1,47
2019-12-18,1103023.0,6.4,14.3,-0.2,56,5.2,14.9,-2.1,58,6.1,15.8,-1.6,43,5.4,15.0,-2.5,44
2019-12-19,1085956.0,7.0,14.7,-1.0,65,6.0,14.8,-2.0,51,6.3,15.0,-2.5,44,6.4,15.1,-1.7,47
2019-12-20,1026674.0,10.1,12.6,7.2,72,7.0,9.5,4.6,66,9.8,11.1,7.6,78,10.6,12.1,8.8,82
2019-12-21,947897.0,11.0,13.7,9.4,68,7.9,10.1,6.7,87,10.8,15.6,6.1,79,11.4,17.7,6.6,69
2019-12-22,952520.0,10.4,16.4,5.6,70,7.4,12.4,4.3,85,7.6,16.1,1.4,77,8.4,17.2,1.2,74
2019-12-23,978438.0,11.2,20.6,5.1,71,7.5,18.0,-0.1,82,9.6,21.5,1.9,66,11.0,22.0,3.2,60
2019-12-24,910383.0,12.6,21.9,5.2,78,11.3,21.6,3.2,63,11.6,22.5,2.2,59,12.3,21.6,3.5,56
2019-12-25,825150.0,14.4,21.0,7.7,84,13.5,21.0,7.3,69,14.5,22.8,8.0,76,14.2,22.1,6.9,79
2019-12-26,846770.0,17.2,22.9,13.6,85,13.9,18.6,9.6,86,16.0,19.7,12.4,85,17.0,20.1,13.5,85
2019-12-27,847660.0,17.0,20.3,13.2,90,16.5,21.2,13.0,81,17.7,22.1,13.7,77,18.2,21.8,15.1,81
2019-12-28,839863.0,21.1,24.6,18.0,87,16.8,19.3,12.7,91,18.1,22.6,14.5,86,17.9,21.3,12.7,88
2019-12-29,862571.0,17.3,20.8,11.3,75,9.2,12.1,6.1,67,13.6,18.3,8.5,57,14.2,19.3,9.2,53
2019-12-30,969953.0,10.1,16.2,4.3,53,6.6,12.5,2.0,55,9.4,16.9,2.5,46,9.7,17.5,2.0,49
2019-12-31,974567.0,9.5,15.8,2.3,54,6.1,13.1,-0.3,57,8.7,16.0,0.6,45,9.5,15.6,2.3,45
2020-01-01,920543.0,12.9,15.3,9.7,67,9.2,12.9,5.3,54,11.7,12.6,10.4,53,11.0,11.9,10.0,63
2020-01-02,900274.0,16.7,19.1,14.8,94,12.9,15.9,10.6,82,13.1,15.4,11.4,85,12.7,16.1,10.2,85
2020-01-03,907769.0,14.7,19.8,11.4,79,10.9,15.4,7.8,74,13.2,18.5,9.7,56,13.1,19.2,9.2,55
2020-01-04,913222.0,12.2,19.7,5.4,59,8.0,14.6,2.0,62,12.9,22.6,4.4,40,12.6,21.9,4.1,43
2020-01-05,875897.0,13.5,23.0,5.8,70,12.0,21.4,5.8,52,14.8,24.4,7.0,40,13.1,23.2,4.9,46
2020-01-06,920798.0,15.9,23.4,8.9,74,9.9,18.2,3.0,63,14.8,24.2,6.3,57,13.9,23.4,5.7,62
2020-01-07,935078.0,13.3,18.6,6.8,51,9.2,17.3,2.7,48,12.5,20.0,5.3,31,13.0,20.1,6.1,30
2020-01-08,977567.0,11.5,19.8,1.5,71,10.4,18.1,2.0,44,11.4,20.9,1.4,52,11.5,21.2,1.6,58
2020-01-09,895302.0,20.0,23.5,15.6,79,17.4,21.0,14.4,82,20.2,25.0,16.6,78,20.3,25.1,16.8,76
2020-01-10,896046.0,22.3,23.8,20.8,87,19.8,21.6,16.2,88,21.4,23.9,16.7,84,21.1,26.9,16.6,77
2020-01-11,946703.0,13.1,22.4,6.0,76,4.0,13.1,0.7,80,10.7,14.8,5.9,61,13.0,16.9,8.2,49
2020-01-12,977393.0,8.1,14.4,2.8,84,5.3,12.5,0.1,78,8.2,16.0,1.0,74,9.7,17.4,2.4,75
2020-01-13,949603.0,14.4,18.6,10.5,91,11.0,16.6,5.7,87,12.9,15.1,10.3,93,13.9,16.1,11.2,94
2020-01-14,907801.0,22.2,24.8,19.1,93,16.6,21.5,14.4,88,19.3,24.3,15.2,88,19.4,24.2,15.9,88
2020-01-15,917341.0,22.5,25.8,20.9,89,21.0,26.6,16.4,91,22.7,26.1,20.0,84,22.2,25.6,19.8,85
2020-01-16,934718.0,21.2,23.2,19.2,90,12.1,17.6,10.4,88,18.2,20.8,14.8,93,19.0,21.0,15.5,93
2020-01-17,927873.0,18.4,21.1,16.0,94,11.5,15.2,9.3,92,17.1,19.2,15.9,88,17.2,20.1,16.3,91
2020-01-18,861844.0,20.2,23.1,16.4,90,13.3,15.8,6.9,66,17.8,20.5,10.2,73,17.9,20.4,11.7,75
2020-01-19,925918.0,11.4,15.6,7.3,44,6.4,12.1,1.4,48,9.1,14.5,4.6,40,10.1,14.9,5.7,41
2020-01-20,984133.0,9.4,16.2,4.5,50,7.2,13.1,1.3,54,9.4,15.8,3.6,43,9.6,15.8,4.1,44
2020-01-21,1011054.0,8.8,14.3,3.2,61,6.5,11.6,1.5,67,11.0,16.2,4.5,48,10.9,16.3,4.7,56
2020-01-22,1024686.0,11.0,15.4,7.9,83,5.8,7.9,4.4,90,11.3,14.2,8.2,92,12.6,14.9,10.3,92
2020-01-23,938062.0,15.1,17.2,9.9,84,9.7,13.8,7.8,84,13.3,18.3,8.8,77,14.9,21.1,10.5,72
2020-01-24,953750.0,11.7,19.1,4.7,65,8.8,14.9,3.9,60,11.7,19.8,4.8,59,12.6,20.0,5.3,61
2020-01-25,909330.0,12.6,18.7,6.1,77,10.9,18.0,3.8,65,12.8,18.7,5.7,70,13.0,18.3,6.1,78
2020-01-26,833724.0,17.7,22.1,13.8,83,13.6,17.5,9.6,82,17.7,24.7,13.0,72,18.3,24.9,13.7,75
2020-01-27,901177.0,13.4,16.2,10.7,87,10.8,16.8,6.9,87,14.0,20.9,7.1,78,15.2,22.3,8.3,74
2020-01-28,924995.0,14.6,17.9,12.0,89,11.7,16.8,6.9,86,14.8,21.7,11.1,75,16.1,21.7,12.6,73
2020-01-29,1005676.0,10.5,13.1,8.1,68,6.4,8.0,4.8,79,10.5,15.4,6.8,62,12.1,17.3,7.3,54
2020-01-30,1025418.0,11.0,13.0,9.2,83,6.4,7.8,4.8,80,8.0,9.2,6.7,79,8.0,10.4,6.4,79
2020-01-31,965915.0,11.5,14.8,7.6,75,8.7,12.6,7.1,71,9.9,15.5,6.6,69,10.9,16.0,8.1,66
2020-02-01,920490.0,11.0,19.8,3.7,63,9.0,18.6,0.4,61,12.1,22.9,3.5,52,12.3,21.9,4.2,50
2020-02-02,858898.0,14.7,24.2,7.1,56,15.4,26.8,6.2,42,15.1,25.5,5.7,41,14.2,23.4,4.8,41
2020-02-03,869382.0,18.6,23.7,13.3,77,16.9,20.7,12.4,67,17.7,21.1,13.7,75,17.1,21.0,13.1,77
2020-02-04,929128.0,22.1,25.4,20.1,82,13.7,18.9,5.5,88,19.0,24.1,10.3,77,19.3,24.9,13.8,79
2020-02-05,1114736.0,11.1,19.8,6.8,88,2.8,4.9,1.3,83,4.8,9.5,1.8,75,6.4,12.5,2.5,70
2020-02-06,1137356.0,5.9,10.4,2.6,63,2.6,7.4,-1.2,64,5.1,12.4,-0.6,56,6.0,14.2,-0.1,55
2020-02-07,1013395.0,11.4,22.4,1.8,59,7.2,15.7,0.3,58,11.9,23.2,2.1,43,11.7,22.8,1.7,45
2020-02-08,901981.0,15.5,22.2,10.9,78,11.0,18.1,2.9,54,12.9,18.2,7.1,61,14.5,21.5,8.1,63
2020-02-09,853694.0,19.9,23.1,15.0,84,17.4,20.8,14.4,84,19.7,22.5,16.0,90,20.2,23.4,16.9,91
2020-02-10,964162.0,22.3,24.4,18.8,91,9.4,16.9,5.2,83,15.4,21.1,8.3,88,18.6,21.7,11.1,89
2020-02-11,1049237.0,13.2,17.3,11.6,93,6.3,7.1,5.5,85,7.3,8.8,6.0,88,8.2,11.5,6.9,87
2020-02-12,1027969.0,13.0,16.8,10.8,93,7.1,9.2,5.5,90,9.3,15.5,6.4,85,10.3,18.0,6.9,82
2020-02-13,1054697.0,9.9,14.1,7.0,74,4.9,6.5,2.6,76,8.6,12.1,5.3,68,10.1,14.7,6.3,63
2020-02-14,1069080.0,8.8,15.1,3.1,68,3.9,11.2,-2.4,62,6.6,14.0,0.3,71,7.6,14.3,1.4,68
2020-02-15,938194.0,12.9,19.4,6.7,75,10.1,17.4,3.4,69,11.1,17.9,3.9,76,11.1,17.6,3.4,78
2020-02-16,838937.0,17.8,22.9,14.4,85,16.4,24.3,9.8,75,16.6,24.3,10.9,79,16.1,22.8,11.2,81
2020-02-17,888782.0,20.6,25.1,16.4,89,19.5,25.2,15.6,81,20.5,26.5,14.5,83,20.3,26.6,14.0,83
2020-02-18,916935.0,22.5,25.0,19.0,85,13.2,16.9,9.6,76,17.9,23.2,10.1,87,18.6,23.4,11.9,84
2020-02-19,975465.0,14.5,18.1,12.2,92,8.3,11.1,6.6,72,9.3,10.1,8.3,92,10.5,11.4,9.4,84
2020-02-20,1051141.0,9.8,12.2,8.5,90,7.5,11.9,4.7,70,8.3,10.7,6.8,81,8.8,9.8,7.9,83
2020-02-21,1060388.0,8.7,13.8,4.4,59,4.4,9.5,-0.8,58,7.4,12.3,2.5,60,8.6,13.6,3.5,59
2020-02-22,947172.0,9.8,16.6,4.0,62,9.0,13.9,4.6,59,10.6,16.7,4.7,61,11.2,16.9,5.1,61
2020-02-23,880990.0,15.8,19.4,9.5,80,12.0,15.2,9.2,80,15.7,19.7,11.3,79,16.7,22.5,12.2,77
2020-02-24,881501.0,18.5,21.9,13.4,78,15.3,18.8,11.0,69,18.3,21.8,11.5,68,18.4,22.5,12.9,68
2020-02-25,929108.0,15.8,22.5,10.0,67,10.4,15.3,6.1,64,12.7,18.6,7.9,60,14.2,19.5,8.4,51
2020-02-26,1037623.0,10.6,14.2,6.2,46,6.1,9.3,2.6,54,9.0,12.8,4.8,40,9.3,13.3,3.8,36
2020-02-27,1048533.0,7.4,14.3,-0.4,54,6.7,16.1,-2.5,52,7.7,16.9,-2.1,45,7.1,16.3,-2.8,47
2020-02-28,948284.0,12.3,21.6,3.8,52,10.8,18.9,3.5,48,12.6,23.0,3.5,36,11.9,22.8,1.9,40
2020-02-29,867406.0,14.2,22.7,5.4,66,15.0,23.3,7.6,45,16.0,23.5,8.5,42,15.3,23.7,6.1,43
2020-03-01,824008.0,19.0,21.7,15.5,78,18.2,22.8,14.2,70,18.5,23.7,14.8,73,18.5,25.0,14.0,71
2020-03-02,880532.0,21.6,25.1,19.0,85,18.7,22.7,16.7,83,20.1,24.1,16.8,83,19.5,24.1,15.1,83
2020-03-03,896964.0,22.5,25.8,20.3,88,16.8,19.9,13.6,81,20.8,23.9,18.5,85,21.2,24.0,18.1,82
2020-03-04,906003.0,20.2,24.6,14.6,88,13.4,15.3,11.6,82,17.2,20.6,13.2,91,19.6,22.2,14.2,75
2020-03-05,889202.0,16.1,22.4,12.1,66,14.3,22.2,7.0,60,15.9,23.4,10.1,58,16.2,23.8,10.3,55
2020-03-06,878594.0,15.4,22.0,10.8,42,12.9,19.4,6.0,41,14.8,21.0,10.1,43,15.7,22.1,10.1,41
2020-03-07,870892.0,12.5,16.3,8.0,57,11.7,17.0,7.0,49,12.2,17.2,8.6,54,14.3,19.2,10.4,50
2020-03-08,819748.0,15.7,21.6,10.0,75,14.3,20.6,8.2,70,16.1,23.0,9.2,71,17.1,23.9,11.3,72
2020-03-09,871747.0,19.6,23.2,16.7,84,18.6,22.6,16.5,82,19.0,20.7,17.8,88,19.3,23.8,17.0,83
2020-03-10,900765.0,21.4,26.0,17.8,87,18.6,26.0,11.4,81,20.9,26.1,16.8,82,21.1,25.9,16.7,79
2020-03-11,940451.0,21.6,26.9,17.5,81,22.9,29.1,18.2,77,22.9,28.6,18.4,72,23.1,30.0,17.7,71
2020-03-12,959133.0,23.0,27.9,20.3,78,23.4,27.9,19.3,75,23.6,29.4,19.7,73,23.9,30.0,19.2,72
2020-03-13,933500.0,23.2,26.8,20.8,82,19.9,22.6,17.9,90,23.1,27.3,20.2,73,23.3,28.7,20.1,73
2020-03-14,904855.0,23.6,26.6,21.5,83,17.2,20.7,13.4,93,23.8,27.7,20.5,76,24.2,28.6,21.3,74
2020-03-15,880821.0,22.7,26.3,19.4,84,12.2,13.8,11.0,94,18.5,21.8,16.0,88,21.1,22.7,19.6,85
2020-03-16,898001.0,20.3,23.1,18.0,88,14.8,19.9,11.7,92,19.5,24.0,15.4,86,21.0,24.5,17.8,83
2020-03-17,933541.0,22.9,27.1,19.8,85,18.2,21.3,15.9,93,23.1,27.3,20.2,78,23.4,27.8,19.7,75
2020-03-18,955789.0,23.8,27.1,21.6,82,21.8,25.6,18.4,87,23.8,27.4,20.8,77,24.3,29.1,20.7,74
2020-03-19,984486.0,24.8,27.7,22.9,80,22.1,26.1,19.4,84,23.8,27.2,21.3,78,24.2,29.2,20.7,74
2020-03-20,916995.0,21.5,24.3,16.6,87,13.2,20.0,8.7,81,16.2,22.8,11.9,87,17.3,22.8,12.8,87
2020-03-21,872395.0,14.9,16.2,13.3,87,9.9,14.4,5.7,75,10.8,12.1,9.2,79,11.3,12.8,10.2,83
2020-03-22,842459.0,19.7,24.5,15.7,90,13.9,16.4,12.1,94,15.5,19.8,11.2,95,15.9,20.2,11.1,93
2020-03-23,917700.0,23.8,27.7,20.9,85,17.8,19.6,15.5,94,22.3,27.3,18.3,81,22.1,27.7,18.3,81
2020-03-24,968971.0,25.2,29.4,22.2,76,23.3,29.0,18.3,67,24.3,31.7,19.1,66,24.2,31.9,18.2,69
2020-03-25,988467.0,24.0,30.2,20.5,83,21.7,30.4,12.8,71,23.1,31.2,15.2,69,23.2,30.9,16.2,71
2020-03-26,1019357.0,24.2,29.3,19.9,82,24.0,28.8,19.3,73,24.4,30.4,19.7,75,24.4,31.1,19.5,76
2020-03-27,1021523.0,25.6,30.3,22.0,79,24.1,27.9,20.3,74,25.3,30.5,21.0,76,25.0,30.8,20.2,77
2020-03-28,913661.0,23.4,26.8,18.2,78,21.3,24.2,14.0,56,22.2,25.2,14.5,62,22.3,26.0,15.6,67
2020-03-29,817705.0,20.1,26.2,13.2,59,15.9,21.5,10.3,60,18.2,25.1,9.8,47,18.5,25.1,11.5,47
2020-03-30,895299.0,22.9,26.2,19.8,73,15.0,17.1,12.8,82,20.1,22.2,18.6,78,20.3,24.2,17.9,76
2020-03-31,886864.0,21.5,23.3,15.4,73,14.9,19.3,12.0,76,18.8,23.9,14.7,70,19.7,25.1,14.9,62
2020-04-01,858948.0,17.2,22.7,10.8,68,15.9,21.6,8.8,72,17.6,24.8,9.7,65,18.5,25.6,11.2,65
2020-04-02,870801.0,20.3,23.7,16.4,74,17.8,20.5,14.4,80,19.0,21.4,16.0,84,19.1,21.9,16.1,89
2020-04-03,898306.0,22.0,25.1,19.7,82,14.3,18.5,6.5,91,18.2,23.4,10.3,91,20.2,24.4,12.3,93
2020-04-04,877850.0,17.0,20.0,14.0,93,7.2,9.0,5.4,89,9.2,10.7,7.1,92,11.1,12.3,9.6,95
2020-04-05,817495.0,18.9,23.3,15.6,83,13.0,18.2,8.6,87,14.9,20.2,10.7,86,15.4,20.2,11.6,87
2020-04-06,863256.0,21.3,24.8,17.8,90,18.9,22.2,15.9,87,20.5,24.3,16.5,87,20.1,24.1,16.7,89
2020-04-07,977566.0,25.4,29.3,22.0,85,24.6,30.3,19.7,78,24.9,29.6,21.2,80,24.4,28.9,20.4,83
2020-04-08,1042383.0,25.7,30.2,22.6,82,27.1,34.1,22.7,70,27.3,33.2,23.0,76,26.8,32.3,22.8,77
2020-04-09,973285.0,25.1,30.4,21.4,83,21.5,24.7,18.5,63,24.7,32.1,19.7,79,24.9,32.0,19.7,82
2020-04-10,852187.0,20.8,23.1,18.7,74,17.7,22.3,13.0,47,20.1,24.0,17.4,72,20.8,23.4,18.3,75
2020-04-11,835969.0,20.8,24.5,15.7,76,17.2,20.2,13.7,78,20.7,24.0,16.6,81,21.7,25.8,17.9,83
2020-04-12,907665.0,26.5,31.9,21.3,66,20.6,26.7,11.1,74,24.6,29.3,18.5,60,24.5,29.1,18.2,59
2020-04-13,831415.0,16.5,20.1,11.7,59,9.0,13.4,4.7,56,13.2,17.7,7.4,54,14.9,20.1,8.4,52
2020-04-14,843461.0,15.1,21.3,9.6,64,9.4,13.2,5.7,58,12.7,17.9,8.4,59,13.8,18.8,9.4,59
2020-04-15,840158.0,14.7,20.6,8.7,57,10.9,17.9,3.9,64,13.2,19.9,6.2,58,13.9,20.2,7.3,59
2020-04-16,844447.0,16.9,23.2,9.8,62,15.9,22.7,8.5,60,17.6,25.1,8.5,60,17.6,25.2,8.2,65
2020-04-17,860351.0,21.8,26.1,17.0,80,14.8,17.5,11.2,77,18.9,22.9,14.9,78,19.4,22.2,15.6,82
2020-04-18,826621.0,19.8,22.3,16.3,91,13.2,19.6,6.3,75,15.3,17.9,12.1,76,15.4,18.1,12.8,82
2020-04-19,858592.0,24.0,28.2,21.4,87,20.6,27.6,16.3,79,22.4,32.1,17.4,73,22.7,33.3,17.6,74
2020-04-20,897703.0,22.0,27.7,17.3,78,17.9,23.6,13.1,84,22.6,30.7,13.8,67,23.3,32.4,13.5,53
2020-04-21,948872.0,23.0,28.7,19.0,80,22.2,28.6,16.0,76,24.3,30.0,17.7,71,23.7,29.4,17.3,74
2020-04-22,961233.0,24.9,28.2,21.3,83,23.1,29.9,19.4,74,24.4,28.6,21.7,84,24.9,29.0,22.4,85
2020-04-23,966548.0,26.0,30.3,19.3,70,21.5,27.9,15.2,60,24.5,31.7,16.1,54,24.6,31.6,17.8,56
2020-04-24,975563.0,23.4,31.1,15.1,71,23.4,32.1,16.9,59,25.8,35.8,15.4,49,25.5,35.3,14.8,53
2020-04-25,851879.0,21.8,25.7,17.9,65,19.6,25.1,14.1,55,21.9,27.5,16.6,43,22.2,26.4,18.5,45
2020-04-26,853848.0,21.6,28.6,13.7,58,20.4,27.9,11.4,58,21.9,30.2,12.4,48,21.3,28.9,11.2,52
2020-04-27,935339.0,21.8,27.6,14.2,73,22.9,28.7,16.6,55,24.0,31.8,16.1,61,23.6,31.2,15.9,67
2020-04-28,1029702.0,24.4,27.2,22.7,84,25.6,31.6,20.0,70,27.2,33.1,22.5,69,26.7,32.6,21.9,72
2020-04-29,923138.0,22.3,27.5,17.7,70,21.5,26.2,16.5,50,23.8,28.6,17.9,59,24.5,30.1,17.8,59
2020-04-30,901495.0,20.5,27.6,11.9,55,20.0,27.3,11.0,57,21.5,29.5,11.8,46,21.8,30.8,11.2,44
2020-05-01,945844.0,21.2,27.7,14.0,67,23.3,29.9,16.2,55,23.6,31.3,15.2,49,23.9,32.6,14.4,47
2020-05-02,987975.0,23.4,28.5,18.1,75,24.8,30.8,18.7,65,25.7,33.4,19.3,68,26.2,34.1,19.4,66
2020-05-03,1031171.0,24.8,29.3,21.0,74,26.6,31.8,21.1,68,27.1,34.3,21.4,66,27.0,34.2,20.7,67
2020-05-04,1120339.0,25.4,30.2,21.6,78,27.3,32.9,21.5,64,27.9,35.1,22.1,64,27.8,35.0,21.7,66
2020-05-05,1044256.0,26.5,32.0,23.2,78,23.0,27.6,18.1,58,25.9,29.2,22.5,66,26.6,29.4,23.9,69
2020-05-06,942490.0,24.1,29.2,19.6,55,21.1,27.8,12.0,50,24.0,30.3,17.8,40,23.5,29.3,18.0,51
2020-05-07,966861.0,22.8,28.3,15.3,66,22.7,28.9,14.5,56,23.0,28.5,14.3,60,23.2,30.0,15.1,68
2020-05-08,976829.0,25.5,31.2,21.1,72,20.9,24.3,16.2,63,25.0,29.8,18.8,62,25.7,30.4,20.5,63
2020-05-09,812739.0,19.6,21.9,16.7,62,17.6,22.9,11.6,55,20.4,25.5,15.4,48,20.8,25.6,16.5,54
2020-05-10,830556.0,20.8,26.8,14.8,56,19.1,25.2,11.6,60,20.8,28.1,12.3,43,20.9,27.7,12.9,51
2020-05-11,929024.0,21.8,27.5,15.6,66,21.1,26.7,14.0,54,23.1,31.2,14.9,50,22.6,28.5,15.1,62
2020-05-12,944481.0,23.7,27.5,19.9,70,21.3,24.0,19.7,81,22.4,24.8,20.6,83,22.5,25.0,20.8,87
2020-05-13,1002249.0,25.7,30.3,22.2,71,23.3,28.6,19.4,82,24.9,30.3,20.1,77,24.9,31.1,20.0,78
2020-05-14,1088412.0,25.8,28.5,23.4,81,26.1,32.3,20.5,73,27.1,33.4,21.2,69,26.8,33.3,20.4,70
2020-05-15,1051441.0,24.9,29.4,22.6,84,24.6,30.0,18.6,78,26.4,32.2,23.2,76,26.5,31.7,22.8,77
2020-05-16,867541.0,23.1,26.8,19.9,83,18.9,19.7,17.7,93,22.8,28.5,18.0,76,23.4,29.2,18.1,77
2020-05-17,922086.0,24.2,29.8,18.9,69,23.3,29.1,18.5,71,24.8,32.1,18.5,64,25.4,33.1,18.9,64
2020-05-18,1077038.0,25.9,33.0,18.8,68,24.7,31.7,17.0,68,27.1,34.6,18.7,62,27.1,34.4,18.9,64
2020-05-19,1167910.0,26.9,33.5,20.2,73,27.1,33.3,21.2,72,28.8,35.4,21.4,62,28.6,36.0,20.5,65
2020-05-20,1138352.0,27.4,32.5,23.3,78,24.0,26.9,22.3,77,28.9,34.6,23.9,68,28.6,35.4,22.8,71
2020-05-21,1122557.0,26.9,31.4,22.5,79,25.5,30.7,21.0,79,27.4,32.1,23.0,76,27.7,33.7,22.7,72
2020-05-22,1184436.0,27.8,31.4,23.9,80,26.7,32.7,22.9,81,29.5,34.8,24.8,70,29.0,34.6,24.7,73
2020-05-23,1130485.0,28.0,31.5,25.4,79,26.0,31.2,20.7,78,29.1,34.2,24.7,67,28.7,33.7,24.9,70
2020-05-24,1032570.0,26.0,29.7,21.8,84,24.1,29.8,20.3,83,26.3,32.5,18.9,77,26.3,32.2,20.0,78
2020-05-25,895463.0,23.8,27.7,21.0,82,20.5,22.0,19.2,89,22.4,26.6,18.3,81,22.1,27.2,18.1,83
2020-05-26,953669.0,23.9,28.9,19.3,77,20.8,23.8,18.1,76,24.8,29.5,19.7,67,24.4,29.8,19.6,74
2020-05-27,991174.0,23.2,30.6,18.5,81,22.3,28.7,15.9,71,24.8,33.0,18.5,66,25.9,32.4,18.8,65
2020-05-28,1016352.0,23.5,28.0,19.0,85,24.1,29.5,18.9,72,24.8,31.5,18.9,77,25.1,31.9,19.7,77
2020-05-29,1031590.0,25.4,30.1,20.6,78,25.0,31.1,19.1,67,26.1,31.5,20.5,65,26.3,31.5,21.0,63
2020-05-30,995760.0,25.6,29.7,21.6,74,24.9,30.4,18.5,63,25.9,31.6,18.9,53,25.9,30.9,19.5,52
2020-05-31,966173.0,24.9,28.0,22.6,86,25.1,30.3,19.3,64,25.3,29.4,22.2,71,25.2,28.7,22.2,72
2020-06-01,1023899.0,25.5,28.9,22.6,83,25.3,30.3,20.8,66,24.8,29.6,22.3,85,24.4,27.4,22.3,84
2020-06-02,1110233.0,26.7,31.0,22.5,77,26.7,31.7,21.8,76,26.3,32.3,21.4,77,25.6,30.9,21.8,79
2020-06-03,1159014.0,26.0,29.6,23.0,84,28.1,33.2,23.2,74,27.7,33.0,22.7,73,27.1,32.4,21.9,76
2020-06-04,1222962.0,26.7,30.9,22.5,84,28.9,34.2,23.9,76,29.1,34.7,23.8,67,28.5,33.6,23.5,70
2020-06-05,1240213.0,27.4,32.0,22.5,80,29.6,34.6,24.9,70,29.7,34.7,24.6,64,28.8,33.5,24.3,68
2020-06-06,1223817.0,28.3,33.1,23.3,75,29.8,35.2,24.1,71,30.5,36.2,23.3,59,29.4,35.1,23.0,62
2020-06-07,1214415.0,28.2,32.9,23.8,74,29.1,33.7,24.2,70,31.0,37.0,24.2,55,29.5,33.9,23.6,62
2020-06-08,1298190.0,28.9,32.8,24.9,74,30.1,35.1,24.7,66,32.3,38.5,24.5,47,31.0,36.6,23.4,56
2020-06-09,1318932.0,29.4,33.5,26.1,76,31.3,37.1,25.8,47,31.8,37.9,25.9,53,30.5,35.7,25.0,63
2020-06-10,1118188.0,27.6,32.3,23.4,60,25.2,31.7,18.0,37,28.8,34.9,21.0,22,28.3,34.3,22.0,28
2020-06-11,1115754.0,25.7,31.8,18.4,54,25.9,33.0,16.9,49,28.1,35.8,18.1,34,27.3,35.0,18.0,36
2020-06-12,1112831.0,25.7,31.4,19.3,55,26.3,32.8,18.5,54,27.3,34.4,18.2,40,26.5,33.5,18.0,40
2020-06-13,1106045.0,26.5,32.1,19.8,55,27.7,33.5,20.2,53,28.0,34.2,19.6,42,27.2,33.4,19.7,42
2020-06-14,1113058.0,26.2,31.5,20.0,69,28.3,33.6,21.4,52,27.8,34.2,18.6,45,26.7,32.9,17.9,49
2020-06-15,1219883.0,27.5,32.4,23.4,77,28.7,34.2,22.5,56,28.6,35.1,22.4,59,27.3,33.1,21.1,65
2020-06-16,1231745.0,27.3,32.5,21.7,71,28.9,33.3,24.1,62,29.3,35.2,23.5,57,28.0,32.9,23.2,66
2020-06-17,1224844.0,26.9,32.6,20.8,71,29.2,34.4,23.1,52,28.7,34.8,21.5,52,27.9,33.7,21.9,64
2020-06-18,1225533.0,26.8,31.8,20.5,72,29.2,34.3,23.5,51,28.7,35.4,22.5,65,27.8,33.8,23.0,71
2020-06-19,1211442.0,27.3,31.5,22.4,74,29.1,34.2,24.6,58,29.3,34.5,24.9,66,28.7,33.3,24.3,70
2020-06-20,1120680.0,26.9,30.7,23.6,81,26.2,32.7,21.0,74,28.7,35.6,23.0,67,28.7,34.6,23.7,69
2020-06-21,1125769.0,27.3,30.3,23.8,82,26.9,32.0,24.9,74,29.2,34.5,25.2,69,29.4,36.7,24.8,68
2020-06-22,1167808.0,25.7,27.2,23.3,86,27.5,33.0,22.0,72,29.1,33.8,25.7,71,29.7,35.3,25.8,70
2020-06-23,1106601.0,26.4,30.1,23.0,84,24.7,27.6,22.3,87,27.2,32.5,24.1,72,27.6,33.1,23.6,71
2020-06-24,1123970.0,25.6,29.0,22.9,86,26.8,32.0,21.7,78,27.2,31.4,23.5,67,27.7,32.8,22.0,58
2020-06-25,1154901.0,25.6,28.9,23.3,88,27.0,31.3,23.3,80,27.8,33.6,22.8,73,28.5,34.9,22.5,67
2020-06-26,1143069.0,27.5,29.6,25.6,87,27.9,32.3,23.5,75,26.0,30.7,23.5,84,25.5,27.9,24.0,84
2020-06-27,1182018.0,28.6,32.0,26.3,82,29.0,33.7,24.3,70,28.8,33.7,24.7,75,28.2,31.6,25.0,76
2020-06-28,1173675.0,28.8,31.6,26.5,81,28.5,31.6,26.0,75,28.8,32.0,26.1,73,28.2,31.5,26.0,76
2020-06-29,1278404.0,29.1,31.5,27.2,81,29.8,33.6,26.8,69,29.6,33.8,26.5,71,29.1,32.9,25.9,71
2020-06-30,1306987.0,29.5,32.3,27.1,80,30.1,33.6,27.1,70,30.2,34.6,27.0,69,29.4,33.5,26.0,72
2020-07-01,1327597.0,29.6,33.1,26.8,79,30.4,34.4,26.4,72,30.8,35.8,27.0,66,29.9,35.1,26.3,70
2020-07-02,1320490.0,30.0,34.6,26.4,77,29.1,34.3,26.2,79,30.6,36.9,26.8,65,30.2,36.4,25.5,67
2020-07-03,1273510.0,28.6,33.2,24.9,78,29.9,36.2,24.9,72,30.8,37.9,24.3,57,29.2,35.6,23.6,65
2020-07-04,1239983.0,28.4,34.1,22.9,75,29.5,35.0,23.4,67,31.5,39.1,23.4,53,30.2,37.1,23.1,60
2020-07-05,1230153.0,29.0,33.0,24.8,74,28.8,33.2,25.2,79,32.2,38.7,25.1,51,30.8,37.4,23.4,58
2020-07-06,1246951.0,29.0,32.1,27.0,78,26.5,30.8,24.2,88,31.8,36.8,26.7,57,30.6,35.5,25.9,63
2020-07-07,1255083.0,29.0,32.0,26.2,79,26.7,31.1,23.4,87,31.0,36.2,27.2,61,30.3,34.9,26.4,66
2020-07-08,1323585.0,30.0,34.1,26.9,76,28.8,33.7,23.8,82,31.9,38.1,27.0,59,30.9,36.8,26.5,63
2020-07-09,1369259.0,30.1,34.3,26.7,76,30.4,34.4,26.2,72,32.0,38.4,27.0,60,31.0,36.3,26.3,65
2020-07-10,1367486.0,30.2,35.3,25.8,75,29.7,33.5,25.6,74,32.4,39.3,26.1,58,31.1,37.7,25.5,64
2020-07-11,1355807.0,30.5,35.9,26.2,71,30.8,35.9,26.3,73,32.9,40.0,26.2,53,31.4,38.5,25.2,61
2020-07-12,1321827.0,30.4,36.2,25.2,69,30.7,36.2,25.6,65,32.9,39.8,25.9,52,31.3,38.3,24.8,60
2020-07-13,1427935.0,30.8,36.8,26.3,69,32.1,37.2,27.5,67,34.2,41.6,26.3,48,32.6,39.9,24.9,54
2020-07-14,1404209.0,30.0,35.3,26.0,72,31.4,36.1,26.0,57,32.8,40.5,25.5,51,31.6,39.1,24.5,55
2020-07-15,1382571.0,30.3,35.2,26.8,71,30.5,34.9,26.5,64,32.0,38.5,26.1,55,31.0,37.4,25.0,59
2020-07-16,1393791.0,30.1,35.4,25.1,71,30.9,36.0,26.7,61,32.0,38.7,26.0,56,30.6,36.8,25.1,62
2020-07-17,1349860.0,27.9,30.2,25.4,80,31.1,35.6,25.7,63,31.4,38.8,25.5,58,29.9,36.4,24.4,66
2020-07-18,1260282.0,28.3,32.2,24.1,78,29.6,33.3,25.1,68,30.2,35.8,24.3,58,28.9,34.5,23.2,63
2020-07-19,1265144.0,28.6,33.4,24.3,78,30.1,34.4,25.1,65,31.1,37.3,24.6,54,29.7,35.7,23.0,60
2020-07-20,1307477.0,27.4,31.1,24.8,83,30.2,35.4,25.0,67,31.2,38.3,24.8,58,30.2,37.2,23.5,62
2020-07-21,1262833.0,26.7,29.9,23.9,87,28.1,32.0,24.3,77,29.9,35.6,25.0,67,30.5,35.5,25.3,63
2020-07-22,1300808.0,27.6,30.6,24.9,85,29.1,33.7,25.2,76,30.7,36.4,26.2,67,30.1,37.1,25.2,68
2020-07-23,1349777.0,29.4,34.1,24.8,77,30.1,34.7,25.4,71,31.5,37.9,25.5,61,31.2,37.2,24.8,60
2020-07-24,1338956.0,28.3,31.4,25.8,81,30.6,35.4,25.8,67,31.7,37.3,26.1,59,31.7,38.4,25.3,58
2020-07-25,1182354.0,26.5,28.2,25.8,89,28.8,32.9,25.4,74,28.5,32.7,25.6,72,28.3,31.4,25.4,71
2020-07-26,1143458.0,27.2,30.7,25.3,86,28.6,33.2,25.0,75,28.0,33.3,25.0,79,27.4,32.8,24.2,77
2020-07-27,1232696.0,27.3,31.4,24.4,88,28.1,32.8,23.9,73,29.0,35.3,24.7,75,29.0,35.3,24.5,74
2020-07-28,1182731.0,26.6,28.8,25.0,89,26.7,28.0,25.6,84,28.9,34.1,25.2,74,29.0,33.9,25.1,73
2020-07-29,1197960.0,26.2,29.7,23.4,89,29.0,33.9,24.9,75,28.2,33.9,24.2,72,27.9,33.3,23.8,72
2020-07-30,1315341.0,29.2,33.3,25.6,80,30.6,36.5,25.7,64,30.4,36.1,24.9,66,29.8,35.5,24.4,67
2020-07-31,1263601.0,29.2,33.8,25.4,81,28.7,32.9,25.0,63,29.9,36.8,26.0,67,29.9,35.9,26.2,66
2020-08-01,1143593.0,26.6,29.8,23.7,85,27.8,32.9,21.6,59,29.7,36.4,23.8,62,29.5,37.1,23.1,61
2020-08-02,1172679.0,27.4,33.1,22.1,79,28.8,34.8,22.3,55,29.8,36.2,22.5,59,29.6,36.1,22.2,59
2020-08-03,1243239.0,28.7,34.6,23.2,76,28.7,34.4,23.0,59,30.0,37.3,23.0,52,29.7,37.7,22.5,58
2020-08-04,1273556.0,29.0,34.0,25.3,77,28.8,34.4,22.9,52,31.3,37.8,24.9,53,30.2,37.2,23.1,56
2020-08-05,1284604.0,28.7,34.1,24.3,78,28.1,32.1,24.9,63,32.0,38.4,24.9,47,31.1,37.8,23.7,52
2020-08-06,1333936.0,28.7,33.0,23.9,79,30.1,36.0,24.1,63,31.7,38.3,24.7,52,30.7,37.2,24.6,59
2020-08-07,1359566.0,29.2,33.5,24.5,80,31.3,36.1,26.3,56,31.6,38.0,24.7,55,30.9,36.8,25.0,59
2020-08-08,1311306.0,28.7,32.4,24.4,82,31.5,36.5,26.2,55,31.7,38.5,24.8,55,30.7,36.9,24.8,61
2020-08-09,1311377.0,28.9,32.9,24.5,80,31.5,36.7,26.1,58,31.7,37.5,25.7,58,31.4,37.6,25.4,58
2020-08-10,1386411.0,29.3,33.6,24.6,79,31.7,37.2,26.5,56,31.9,37.8,25.9,57,31.3,37.5,25.5,59
2020-08-11,1415926.0,29.5,34.2,25.4,81,32.1,37.0,26.9,55,32.5,38.9,26.2,57,31.7,38.4,25.9,59
2020-08-12,1438402.0,29.6,33.7,25.4,79,32.6,37.3,27.5,56,32.9,39.8,26.3,53,32.0,38.7,25.6,56
2020-08-13,1440530.0,29.6,34.6,24.8,75,33.0,38.3,27.7,52,32.9,39.5,26.1,49,32.1,38.6,25.3,51
2020-08-14,1432727.0,29.8,34.9,25.1,75,33.4,39.1,27.8,48,33.3,40.7,25.8,48,32.3,39.7,25.2,51
2020-08-15,1400223.0,30.4,36.2,25.5,71,33.5,39.2,27.3,49,33.6,40.7,26.2,47,32.6,39.6,25.7,50
2020-08-16,1368026.0,30.8,36.8,25.3,70,32.4,39.4,25.5,54,33.1,40.2,26.2,48,32.4,39.5,25.0,53
2020-08-17,1275034.0,28.5,33.4,23.7,70,28.7,35.3,22.8,60,29.6,36.2,23.2,55,30.4,37.2,25.0,51
2020-08-18,1301064.0,29.5,35.8,22.7,61,30.3,36.2,24.2,52,31.3,38.0,25.1,50,30.4,38.1,25.2,52
2020-08-19,1264695.0,29.3,35.8,23.3,60,27.7,34.0,20.3,45,30.7,38.5,23.7,40,30.8,38.5,22.7,45
2020-08-20,1252626.0,28.4,35.0,22.5,64,27.5,33.6,20.7,50,29.8,37.7,21.0,39,30.1,38.0,23.0,39
2020-08-21,1264774.0,27.9,34.2,23.4,70,27.8,34.2,20.1,51,30.5,37.1,23.2,54,30.6,37.8,23.3,53
2020-08-22,1189395.0,27.0,31.7,23.0,72,28.9,35.0,23.0,50,28.4,32.8,23.6,56,28.4,33.0,24.1,60
2020-08-23,1204570.0,28.2,34.1,22.4,71,29.1,35.1,22.2,56,29.1,35.0,21.3,54,28.7,34.6,21.1,57
2020-08-24,1276345.0,28.8,34.0,23.9,69,29.6,35.9,23.5,50,30.0,35.9,22.9,51,29.4,34.5,23.2,56
2020-08-25,1298423.0,29.6,35.6,24.2,63,29.7,35.4,22.9,57,30.7,37.3,23.3,49,30.3,37.5,22.8,53
2020-08-26,1282293.0,28.8,33.0,25.6,79,28.3,33.0,25.2,72,30.1,35.1,25.1,63,30.9,35.5,24.7,55
2020-08-27,1291027.0,29.9,36.2,25.7,70,28.2,33.9,23.5,68,30.8,37.5,24.3,62,31.2,37.4,24.5,60
2020-08-28,1405775.0,29.9,33.7,27.5,78,32.0,40.0,25.1,58,33.5,40.9,27.5,54,33.1,39.9,27.3,55
2020-08-29,1380025.0,30.0,34.8,25.7,77,32.6,40.2,26.4,59,33.1,39.9,26.5,54,32.4,38.8,26.3,57
2020-08-30,1322403.0,29.7,33.2,26.0,81,30.6,36.2,24.4,55,32.2,39.0,25.8,57,31.9,38.3,25.6,60
2020-08-31,1432584.0,31.0,35.3,27.5,77,31.8,36.6,27.7,63,32.5,38.5,28.0,62,32.1,37.9,27.8,63
2020-09-01,1364114.0,31.3,35.2,28.3,73,28.9,34.8,24.0,73,31.7,36.9,28.5,67,31.6,37.6,27.8,68
2020-09-02,1240821.0,30.6,34.4,27.7,69,24.8,27.6,23.4,88,28.4,33.7,25.6,74,28.8,32.4,25.3,70
2020-09-03,1222280.0,29.8,33.2,27.2,74,24.7,27.3,22.3,87,28.0,32.0,24.9,74,29.1,34.1,25.1,66
2020-09-04,1179079.0,28.7,33.9,25.7,75,25.6,30.3,22.7,85,24.6,26.7,22.8,89,25.2,27.4,22.8,84
2020-09-05,1117048.0,28.2,34.0,24.8,73,26.5,31.6,23.4,80,26.4,32.4,23.7,82,26.3,31.2,23.1,82
2020-09-06,1139103.0,27.9,34.7,23.9,77,27.1,32.5,21.8,78,27.4,32.9,22.5,77,27.3,33.0,22.6,75
2020-09-07,1198254.0,27.4,32.4,23.6,83,28.5,34.0,23.7,73,28.8,33.8,23.1,66,28.2,33.0,22.3,68
2020-09-08,1210057.0,26.8,30.2,24.7,85,27.2,32.0,23.9,78,27.3,31.5,24.7,77,27.6,32.7,24.8,74
2020-09-09,1142700.0,28.3,32.4,25.4,83,24.4,27.2,20.6,89,25.4,28.6,19.0,88,24.9,28.3,17.6,87
2020-09-10,978750.0,26.6,30.9,23.8,86,17.8,20.9,14.4,87,17.2,19.7,14.9,83,17.3,21.2,14.8,87
2020-09-11,1011644.0,26.4,32.0,21.9,81,21.8,26.5,18.4,80,22.2,28.3,17.8,78,21.7,28.6,16.6,79
2020-09-12,1094951.0,28.3,34.6,23.4,76,24.8,30.3,19.9,79,26.4,32.4,20.6,75,26.5,32.6,20.4,74
2020-09-13,1129292.0,28.1,32.6,24.2,79,26.1,30.9,21.7,74,28.0,33.2,23.3,71,28.0,33.0,23.3,71
2020-09-14,1171833.0,28.7,33.3,24.8,72,25.7,30.8,20.9,67,27.6,31.7,23.6,69,28.0,32.4,24.0,67
2020-09-15,1199234.0,29.4,34.7,25.0,67,26.6,31.0,22.9,73,27.7,32.2,23.6,72,27.9,32.1,23.6,68
2020-09-16,1192995.0,29.4,34.6,24.6,62,26.5,30.9,22.2,72,27.7,32.0,23.3,72,27.6,32.5,23.9,70
2020-09-17,1153419.0,28.2,32.7,24.9,70,26.2,30.0,23.0,71,26.1,30.3,23.1,78,25.7,29.9,23.2,77
2020-09-18,1103029.0,27.0,31.1,24.1,58,24.3,29.2,19.6,69,25.6,30.8,21.3,70,26.1,31.2,22.0,67
2020-09-19,996927.0,25.6,30.4,20.9,55,21.8,26.9,17.4,67,23.8,28.7,19.2,67,24.5,29.6,19.6,64
2020-09-20,927029.0,22.3,24.3,20.2,73,21.6,27.9,14.8,65,22.4,28.3,16.4,64,23.1,29.3,17.2,58
2020-09-21,960405.0,22.8,24.8,20.7,93,21.5,23.8,19.7,76,21.5,23.5,19.9,84,22.3,23.6,21.1,81
2020-09-22,971783.0,24.9,26.9,23.5,93,20.3,22.0,19.1,94,22.0,25.2,20.0,92,23.0,26.3,20.8,84
2020-09-23,976673.0,23.6,25.4,21.4,87,20.6,23.2,18.7,84,22.7,25.3,21.2,82,23.8,28.0,21.0,78
2020-09-24,974257.0,22.4,23.6,21.1,78,21.4,25.0,18.2,75,22.0,26.9,18.8,78,22.7,28.5,17.5,76
2020-09-25,1027853.0,23.6,27.8,20.5,76,21.2,27.7,15.3,78,22.3,30.2,14.9,80,23.3,31.0,16.2,75
2020-09-26,1053121.0,24.3,30.7,19.3,79,23.7,30.5,17.7,73,24.9,30.8,19.5,78,25.9,32.6,20.4,75
2020-09-27,1140779.0,27.0,32.2,22.9,78,26.8,32.0,22.0,73,27.6,32.6,24.0,78,28.4,34.4,24.5,74
2020-09-28,990358.0,23.6,26.2,20.5,73,20.5,25.3,15.9,50,23.0,26.3,18.5,54,24.0,26.6,20.0,52
2020-09-29,913777.0,20.5,27.2,13.5,48,19.2,27.7,10.6,42,19.6,27.6,11.4,42,20.7,28.3,12.3,33
2020-09-30,954309.0,20.0,28.8,11.5,61,21.9,32.9,12.2,41,20.6,30.1,11.9,43,20.8,31.1,10.9,37
2020-10-01,970145.0,21.8,31.1,13.3,63,21.4,27.6,16.2,46,21.5,31.2,12.6,53,21.9,32.0,12.7,48
2020-10-02,940793.0,21.3,28.3,14.8,54,18.6,24.9,12.0,44,20.6,26.9,13.9,52,22.0,28.8,15.6,52
2020-10-03,928413.0,20.4,28.3,13.1,64,20.5,28.5,13.6,49,21.1,28.6,14.1,63,22.4,30.9,13.5,63
2020-10-04,941868.0,21.9,29.9,14.3,70,21.0,26.1,17.2,53,22.5,30.2,14.4,72,23.6,31.8,15.0,65
2020-10-05,998434.0,22.8,28.5,18.3,66,18.7,26.3,11.7,58,22.6,29.1,16.5,63,24.3,31.6,17.4,59
2020-10-06,1040390.0,22.6,30.3,16.4,67,22.0,30.0,14.4,63,23.3,30.5,17.7,75,24.4,32.0,17.8,68
2020-10-07,1061390.0,23.4,31.6,15.0,62,23.5,30.9,16.5,60,23.7,31.0,16.0,67,24.5,32.1,16.4,63
2020-10-08,1078534.0,25.1,28.4,22.4,83,23.4,30.3,15.7,58,24.3,30.4,15.9,65,24.1,30.8,15.5,63
2020-10-09,1101331.0,24.1,25.7,22.7,90,24.8,29.3,21.5,75,25.9,31.4,22.4,75,26.4,32.8,22.1,71
2020-10-10,1072202.0,24.8,31.5,19.3,77,23.6,30.7,18.0,74,25.9,34.7,18.5,71,27.0,36.3,19.2,62
2020-10-11,1142126.0,26.5,32.4,22.2,84,27.5,36.5,20.6,58,27.5,35.8,19.9,63,27.7,36.9,18.9,54
2020-10-12,1126686.0,26.7,31.7,22.9,79,24.4,28.1,17.6,39,25.6,31.4,20.5,58,26.7,33.5,21.6,61
2020-10-13,1039959.0,24.6,30.7,19.6,70,19.5,28.6,10.0,46,22.6,31.1,14.8,43,24.7,32.4,17.7,43
2020-10-14,1101028.0,23.6,30.2,17.4,79,23.4,32.9,14.6,57,24.7,33.2,16.1,57,26.1,33.9,18.4,57
2020-10-15,1085113.0,25.6,30.5,21.6,80,22.6,25.9,20.1,55,25.4,32.3,19.7,70,26.4,32.4,22.2,67
2020-10-16,893534.0,17.1,24.0,14.3,79,17.4,22.6,11.8,32,19.1,24.2,15.5,48,19.6,23.9,15.8,56
2020-10-17,889485.0,21.1,26.4,16.2,74,18.0,24.2,11.1,58,19.7,25.4,14.5,68,19.9,26.2,15.5,70
2020-10-18,1029804.0,25.1,30.0,20.8,80,26.0,31.1,22.6,67,26.3,32.6,22.1,71,25.7,33.0,19.7,72
2020-10-19,1048670.0,25.8,29.3,23.4,85,18.3,23.5,15.1,67,26.0,30.8,22.3,75,26.8,33.2,22.8,73
2020-10-20,1100162.0,24.8,28.8,21.8,85,24.2,31.1,17.1,68,26.6,31.9,22.6,71,26.9,32.4,23.1,71
2020-10-21,1108910.0,24.6,29.6,21.2,85,25.1,30.1,21.3,68,26.0,31.3,22.6,72,26.1,31.9,22.0,73
2020-10-22,1110335.0,24.9,28.7,21.8,87,25.1,30.7,20.6,70,26.0,31.1,22.4,77,26.1,31.8,22.6,76
2020-10-23,1007349.0,23.9,29.0,17.0,85,16.8,23.6,10.9,80,21.7,27.6,12.8,75,23.4,29.5,13.5,73
2020-10-24,821567.0,16.4,19.7,12.7,68,11.7,15.1,7.9,64,15.0,19.7,11.9,57,15.8,20.7,12.4,60
2020-10-25,871932.0,20.0,24.2,15.5,84,14.5,19.2,11.7,79,20.5,27.0,14.5,70,21.0,28.7,14.9,73
2020-10-26,990790.0,23.2,26.6,21.0,85,9.7,13.1,5.3,94,19.0,26.5,6.7,86,20.6,28.0,8.8,80
2020-10-27,1012301.0,19.3,23.5,16.5,88,4.8,5.2,4.2,94,5.7,6.8,4.9,89,6.9,8.1,5.1,87
2020-10-28,988962.0,12.6,17.7,8.5,91,6.0,7.8,4.7,89,8.7,16.3,3.9,75,10.2,19.4,4.5,69
2020-10-29,953737.0,11.6,17.8,6.8,64,8.9,15.1,3.9,72,11.8,17.2,7.4,59,13.3,19.5,7.9,53
2020-10-30,903376.0,13.3,20.4,7.8,66,11.2,19.6,3.7,65,13.1,21.6,6.1,56,14.0,22.3,7.0,52
2020-10-31,850726.0,14.5,23.2,7.1,77,13.1,22.2,5.8,68,14.7,24.6,4.2,56,14.9,25.2,4.9,54
2020-11-01,856346.0,17.5,25.5,10.1,69,15.0,22.9,7.9,57,16.7,25.7,8.3,56,18.1,27.2,9.2,54
2020-11-02,874353.0,14.8,22.6,8.3,54,12.6,21.5,4.6,53,15.3,24.2,7.5,47,16.2,25.2,8.7,40
2020-11-03,888240.0,14.2,23.9,5.8,62,15.2,25.7,6.6,51,15.6,26.3,6.2,43,15.8,26.1,7.1,44
2020-11-04,891622.0,16.6,25.6,8.0,73,17.0,24.1,9.7,53,17.7,26.9,8.8,62,17.6,27.1,8.2,65
2020-11-05,899264.0,19.4,25.5,15.4,81,19.3,25.6,14.2,70,19.8,27.5,12.8,71,19.4,27.5,12.0,72
2020-11-06,892192.0,18.7,25.8,13.0,77,19.2,24.5,16.3,73,19.8,26.1,15.2,74,19.9,26.3,14.3,73
2020-11-07,879307.0,19.8,27.6,13.2,77,18.0,25.1,11.3,68,19.4,26.8,12.5,66,19.5,26.9,13.1,69
2020-11-08,893802.0,21.6,26.9,17.8,84,18.9,23.5,15.3,80,20.2,26.6,15.3,75,21.6,28.2,16.2,74
2020-11-09,991215.0,23.5,27.7,20.5,86,21.9,27.2,18.1,78,22.6,28.8,18.4,72,22.7,28.6,18.1,73
2020-11-10,974672.0,24.1,28.2,20.9,83,20.2,23.9,13.0,62,21.2,24.3,17.4,70,21.0,23.3,17.9,75
2020-11-11,946713.0,22.6,28.4,19.4,77,14.6,23.8,6.9,53,20.0,27.7,14.7,48,21.0,27.9,15.4,50
2020-11-12,946284.0,21.1,28.4,15.2,62,18.3,26.9,11.1,53,21.3,27.8,16.4,66,21.3,28.0,16.0,71
2020-11-13,942206.0,21.9,26.0,18.4,83,18.9,24.3,13.5,67,21.9,26.3,18.4,79,22.4,27.6,17.7,76
2020-11-14,970860.0,24.2,28.4,20.5,83,23.6,29.0,19.1,70,24.9,30.0,21.6,72,24.5,29.9,21.5,73
2020-11-15,854831.0,21.3,24.3,13.4,53,15.8,23.9,9.3,31,18.6,22.8,11.3,37,19.4,23.9,13.0,39
2020-11-16,891037.0,14.3,22.3,7.9,41,12.4,21.8,3.8,45,13.7,23.6,5.3,34,15.5,24.3,7.7,30
2020-11-17,895141.0,14.5,24.1,6.3,49,13.5,24.1,4.7,48,14.4,24.4,4.7,39,14.8,24.4,6.1,38
2020-11-18,904212.0,15.3,23.6,8.8,53,15.8,24.2,8.2,44,15.7,25.7,5.4,51,16.2,25.8,7.7,57
2020-11-19,915377.0,18.7,25.2,13.0,76,18.3,25.5,12.3,58,19.2,27.2,13.4,71,19.0,27.0,12.6,71
2020-11-20,921012.0,21.2,26.5,17.7,86,19.6,24.5,16.8,74,20.6,27.5,15.4,71,20.5,27.6,15.2,70
2020-11-21,885203.0,20.8,26.2,17.5,80,20.2,25.3,17.3,78,20.9,26.4,16.7,76,21.1,26.4,16.9,77
2020-11-22,871566.0,21.2,27.6,16.7,69,14.1,16.9,10.1,79,20.6,26.1,16.5,77,21.2,26.2,18.2,76
2020-11-23,898347.0,17.3,20.1,14.6,75,11.7,16.0,7.8,74,15.6,20.9,11.4,69,17.4,21.9,13.3,71
2020-11-24,940307.0,21.6,26.8,15.1,75,17.1,22.7,12.7,86,21.1,27.4,16.1,81,21.8,28.3,17.0,80
2020-11-25,911921.0,20.4,24.0,13.9,65,13.1,19.3,7.3,48,17.1,21.8,10.5,55,19.3,24.2,12.7,48
2020-11-26,878123.0,18.1,23.9,12.5,73,13.4,22.9,5.5,65,15.7,24.4,7.7,68,16.3,24.4,9.5,68
2020-11-27,875739.0,21.9,25.2,19.5,92,15.6,18.1,13.4,68,18.6,21.2,15.5,88,20.0,22.7,16.4,85
2020-11-28,863805.0,17.6,19.7,16.7,95,12.3,15.1,10.3,70,14.2,15.8,11.1,89,14.1,16.2,10.8,92
2020-11-29,892481.0,14.2,16.8,10.7,81,9.7,11.6,8.4,74,10.6,14.0,7.6,76,11.4,16.0,7.4,74
2020-11-30,1033139.0,8.9,13.1,4.5,51,5.4,10.7,1.2,49,7.8,13.4,1.0,46,8.6,14.1,4.1,48
2020-12-01,1071142.0,8.5,17.6,-1.0,66,6.5,14.8,-1.3,47,7.1,16.1,-1.1,57,6.8,16.4,-1.7,60
2020-12-02,984044.0,15.8,18.3,13.3,82,9.8,13.7,6.2,70,12.0,18.3,7.7,63,12.3,19.3,6.9,64
2020-12-03,1053061.0,9.8,14.1,6.1,62,5.8,8.1,3.1,73,8.3,13.2,4.1,55,8.5,13.8,3.8,52
2020-12-04,1034577.0,8.9,14.5,5.3,71,6.4,13.4,0.7,65,7.6,15.1,1.5,59,7.6,14.8,1.6,60
2020-12-05,999694.0,8.6,12.1,3.9,76,8.2,16.7,-0.0,60,8.3,13.1,3.6,67,8.1,12.5,2.5,73
2020-12-06,919505.0,11.5,17.5,6.6,72,10.9,16.2,7.9,60,11.3,19.1,5.1,60,10.5,19.9,3.6,61
2020-12-07,978176.0,11.2,18.7,5.6,61,9.6,17.6,3.4,60,12.2,21.4,5.0,46,12.2,22.1,4.1,49
2020-12-08,958788.0,11.8,22.6,3.8,68,11.5,22.4,4.1,52,13.5,25.7,4.8,48,13.2,25.3,4.3,56
2020-12-09,943832.0,14.3,25.8,6.5,66,12.8,26.5,2.6,47,14.9,27.8,4.6,44,14.3,25.8,5.5,46
2020-12-10,923738.0,15.6,24.8,7.0,78,15.8,25.6,6.8,41,15.9,24.5,6.8,57,14.8,24.2,5.3,63
2020-12-11,892347.0,19.4,22.9,15.5,83,16.1,19.0,10.8,84,18.2,21.8,15.1,89,18.0,22.1,13.8,87
2020-12-12,895374.0,17.2,19.5,14.7,89,8.0,12.2,4.2,68,12.5,17.2,8.3,68,13.7,18.5,10.3,66
2020-12-13,979319.0,15.1,19.1,8.3,89,5.3,6.6,2.9,82,13.0,20.3,6.3,71,14.7,21.6,7.5,69
2020-12-14,1089598.0,7.2,9.4,5.5,72,4.9,9.8,1.3,69,6.3,11.1,3.0,63,6.9,12.1,2.8,61
2020-12-15,1098370.0,8.7,10.2,6.9,86,4.7,5.9,2.8,84,8.6,16.3,3.7,75,9.0,16.3,3.0,71
2020-12-16,1104609.0,7.4,10.1,3.1,79,4.1,6.7,1.9,75,7.1,13.1,2.0,50,8.5,15.4,2.2,44
2020-12-17,1101986.0,5.5,13.2,-0.6,75,6.3,16.0,-1.6,64,7.3,17.3,-1.7,57,7.3,16.7,-0.7,57
2020-12-18,1018628.0,11.1,17.7,3.2,81,10.0,16.6,3.6,69,10.9,17.6,2.7,79,11.0,18.1,2.7,82
2020-12-19,885011.0,16.1,19.4,12.5,89,12.6,15.1,6.4,84,15.8,20.5,8.7,78,16.8,22.5,8.3,78
2020-12-20,921303.0,13.3,19.3,9.4,80,8.5,18.0,1.5,69,10.5,20.6,3.0,60,11.3,21.9,3.2,58
2020-12-21,959429.0,12.3,21.6,5.3,80,11.0,22.7,2.5,56,11.0,22.3,1.2,63,11.5,22.4,3.0,56
2020-12-22,936863.0,13.8,21.4,6.7,78,13.6,21.9,5.8,67,14.6,22.4,6.7,75,15.1,22.7,7.7,75
2020-12-23,922279.0,19.8,25.2,14.7,83,15.9,22.2,6.6,55,19.3,25.5,11.9,63,18.6,24.0,12.9,72
2020-12-24,1027035.0,8.2,13.8,4.3,36,5.5,12.5,-1.0,36,7.9,13.3,2.4,28,8.2,13.8,3.1,29
2020-12-25,949522.0,9.0,17.0,3.0,45,7.3,15.4,-0.2,44,11.0,20.8,3.7,28,10.8,21.7,3.1,28
2020-12-26,917740.0,11.6,20.6,4.1,73,11.5,21.7,2.9,40,11.9,20.8,3.2,45,11.3,20.7,2.7,42
2020-12-27,856184.0,16.0,22.4,10.7,75,15.5,24.2,10.9,51,15.8,24.0,9.2,71,15.0,24.0,7.1,72
2020-12-28,902850.0,17.8,23.8,14.0,79,11.7,15.9,8.7,56,17.4,23.5,12.7,81,18.0,23.9,12.8,79
2020-12-29,886870.0,18.5,22.5,15.4,76,16.7,21.8,13.0,77,19.3,23.3,16.4,79,20.1,23.6,18.0,81
2020-12-30,945315.0,20.6,24.9,18.3,84,11.3,17.2,4.8,87,16.4,21.6,7.5,89,17.0,21.5,9.3,85
2020-12-31,1084632.0,15.6,19.0,7.4,91,4.0,4.6,3.6,91,4.8,6.3,3.0,94,4.8,7.7,2.2,89
2021-01-01,1064451.0,7.6,11.8,4.1,68,4.0,5.0,2.7,82,6.3,11.0,2.9,71,7.0,13.4,2.2,69
2021-01-02,995145.0,7.7,13.6,4.0,68,6.9,12.5,2.7,63,8.4,17.0,2.3,61,8.8,17.4,1.8,53
2021-01-03,950374.0,10.7,19.9,2.4,70,9.6,18.9,3.2,57,11.0,20.5,2.6,52,10.2,20.7,1.4,54
2021-01-04,950212.0,15.0,24.0,7.5,77,10.2,19.8,3.4,64,12.9,23.3,4.0,58,13.1,24.5,3.4,59
2021-01-05,943483.0,14.2,20.7,9.2,70,10.4,19.2,2.7,62,13.9,20.3,7.1,72,14.0,18.4,9.5,75
2021-01-06,929701.0,16.2,22.2,11.1,84,12.5,14.7,8.7,72,16.5,18.8,12.3,76,17.4,20.8,12.5,76
2021-01-07,998989.0,10.9,14.5,8.1,60,8.4,9.5,7.2,72,11.0,16.3,6.5,51,11.6,18.3,7.2,42
2021-01-08,1048427.0,8.8,11.5,6.1,65,6.7,9.6,3.1,68,6.8,11.8,2.9,73,7.9,13.9,2.7,67
2021-01-09,1065485.0,6.9,12.3,1.4,71,3.7,9.3,-1.7,67,6.3,11.6,0.1,70,6.9,11.7,1.2,70
2021-01-10,1149582.0,4.7,8.1,1.9,80,2.9,5.0,1.3,78,3.7,8.2,1.1,88,4.6,8.4,2.1,87
2021-01-11,1205010.0,3.5,6.1,1.6,79,3.8,8.3,1.0,72,4.2,7.9,2.0,76,5.6,9.4,3.1,69
2021-01-12,1178953.0,4.6,10.0,-1.6,73,4.7,11.6,-1.5,68,4.5,10.7,-0.9,73,4.3,9.9,-0.6,74
2021-01-13,1090241.0,7.9,15.4,1.3,69,7.9,17.2,-0.2,61,8.3,17.9,0.6,66,7.4,17.0,-0.3,66
2021-01-14,1015102.0,11.9,22.1,3.8,67,10.8,17.8,5.5,46,12.2,21.0,4.6,48,11.3,21.5,2.2,53
2021-01-15,1056240.0,10.4,15.6,5.0,36,8.1,12.1,5.0,30,9.8,15.6,4.4,30,10.3,16.5,5.0,30
2021-01-16,1012353.0,8.7,15.2,3.7,38,7.5,13.8,1.6,34,8.7,17.1,1.7,40,9.1,18.1,1.6,39
2021-01-17,947522.0,10.2,19.8,2.7,53,9.6,16.0,5.0,39,10.9,20.5,4.1,48,11.8,20.8,3.0,50
2021-01-18,974553.0,12.7,20.6,3.4,69,10.3,19.6,1.9,63,13.4,22.9,5.1,69,13.9,22.6,5.3,76
2021-01-19,932955.0,19.0,23.6,14.7,75,12.2,15.7,10.3,61,16.8,22.0,9.7,84,17.6,21.7,9.7,86
2021-01-20,982232.0,15.7,17.9,13.6,90,8.7,11.0,7.6,67,10.2,12.0,9.1,84,10.8,12.4,9.6,84
2021-01-21,944233.0,17.8,19.9,15.9,96,10.8,13.2,8.3,88,14.6,19.3,10.1,93,13.7,17.5,11.0,93
2021-01-22,923126.0,18.6,21.1,17.2,92,10.5,11.8,9.2,88,17.1,23.0,13.3,83,17.5,25.0,12.2,78
2021-01-23,896143.0,16.6,18.9,14.7,93,10.8,12.4,9.6,90,14.0,16.0,11.8,88,14.7,16.0,12.4,90
2021-01-24,881052.0,19.9,23.7,16.2,92,13.2,16.6,11.7,96,18.5,22.0,15.8,94,19.1,22.4,16.1,93
2021-01-25,912131.0,22.3,25.6,18.6,78,16.7,20.5,11.1,62,19.6,23.2,11.5,62,20.1,23.9,12.6,63
2021-01-26,938643.0,18.7,23.0,14.5,53,9.1,14.4,3.9,61,13.8,22.5,6.0,50,15.7,23.9,8.9,44
2021-01-27,966611.0,15.5,20.0,10.6,45,7.0,10.5,3.3,63,13.0,18.1,8.1,45,14.4,19.3,9.4,38
2021-01-28,1052034.0,9.4,14.7,4.6,61,4.0,9.6,-1.2,66,7.4,12.7,2.1,60,8.6,13.7,3.3,56
2021-01-29,991209.0,10.8,17.8,3.9,78,9.2,16.1,2.6,68,11.7,19.7,3.9,70,12.1,20.2,3.7,71
2021-01-30,876247.0,18.6,22.9,12.2,82,17.0,24.0,12.3,56,18.6,24.9,14.2,69,18.3,24.2,14.6,76
2021-01-31,886981.0,16.2,20.4,11.2,63,10.2,16.8,5.7,54,14.8,20.4,10.6,37,16.0,22.5,10.8,34
2021-02-01,980327.0,11.0,17.7,5.3,51,7.7,14.7,1.9,57,11.0,18.5,5.3,45,12.5,20.0,6.6,41
2021-02-02,968315.0,10.5,17.8,4.5,59,9.9,17.3,4.0,53,11.9,19.4,5.6,42,11.4,19.9,3.7,45
2021-02-03,934214.0,13.3,20.0,7.0,77,13.4,21.5,5.8,63,14.8,23.7,6.2,68,15.0,24.3,5.3,68
2021-02-04,898826.0,20.1,25.7,15.2,74,15.5,20.0,9.0,62,19.2,27.9,14.8,64,19.4,27.4,15.0,67
2021-02-05,952070.0,11.5,16.8,9.2,61,9.2,15.1,4.7,42,10.9,13.7,9.1,56,12.3,15.7,9.4,54
2021-02-06,923868.0,12.9,17.8,9.7,82,9.0,14.7,6.1,68,14.3,23.8,9.1,58,15.2,24.7,9.8,56
2021-02-07,933333.0,10.6,16.8,4.6,73,7.8,14.5,2.5,70,11.6,20.0,2.7,63,13.2,22.0,4.4,54
2021-02-08,935826.0,15.1,20.1,8.9,84,11.3,17.3,7.6,88,15.9,23.7,10.2,81,16.7,24.0,11.3,79
2021-02-09,1042562.0,18.3,21.9,16.4,92,2.3,6.1,0.5,87,14.4,16.7,9.6,85,18.1,23.3,13.6,84
2021-02-10,1161712.0,17.0,23.0,12.8,92,-0.3,1.2,-1.3,90,5.3,9.2,1.9,90,10.2,13.3,5.1,91
2021-02-11,1336242.0,6.4,11.2,4.4,96,-2.1,-1.2,-3.0,80,0.2,1.6,-0.5,94,2.1,4.8,1.1,94
2021-02-12,1433700.0,3.1,4.1,2.3,94,-3.2,-2.0,-4.1,75,-0.3,1.1,-1.5,77,1.3,2.6,0.3,78
2021-02-13,1407840.0,3.4,5.4,1.9,77,-3.4,0.6,-5.5,70,-1.9,-1.3,-2.9,81,-0.9,0.1,-1.6,83
2021-02-14,1498333.0,2.0,3.8,-1.6,81,-7.5,-3.0,-11.1,76,-4.2,-1.5,-8.2,86,-2.8,-1.4,-7.2,83
2021-02-15,1181653.0,-6.5,-1.9,-8.7,79,-12.3,-10.3,-13.9,69,-9.4,-4.9,-12.6,69,-7.8,-2.3,-11.8,66
2021-02-16,1080221.0,-6.1,-0.3,-12.1,69,-11.9,-6.7,-18.8,69,-9.7,-5.6,-14.8,67,-6.2,-1.7,-10.2,59
2021-02-17,1089205.0,1.4,3.5,0.0,88,-4.6,-3.2,-6.8,85,-1.8,0.3,-5.2,92,0.4,4.7,-4.3,91
2021-02-18,1244418.0,1.6,4.3,0.1,80,-3.3,-1.0,-4.7,72,-1.6,0.1,-2.7,82,-0.5,1.1,-1.8,80
2021-02-19,1175077.0,2.7,9.9,-2.9,63,-3.4,2.9,-10.5,73,-1.7,4.9,-7.5,72,1.1,8.7,-4.9,59
2021-02-20,1019119.0,6.3,15.3,-1.9,73,3.9,12.5,-3.2,68,5.2,15.2,-5.4,68,6.6,16.3,-2.8,64
2021-02-21,823883.0,14.2,21.0,7.3,75,12.8,22.1,7.1,65,14.0,22.7,6.8,73,13.8,22.6,6.1,73
2021-02-22,835073.0,16.1,23.0,9.6,57,12.0,21.1,1.7,52,14.6,22.6,5.7,50,15.9,23.9,9.6,47
2021-02-23,837349.0,14.5,24.9,4.5,67,17.0,26.4,7.6,48,16.7,25.6,7.8,58,16.5,25.9,7.2,64
2021-02-24,820942.0,19.9,26.1,13.4,82,18.0,22.3,14.3,57,20.5,27.0,16.4,76,20.8,26.8,16.8,79
2021-02-25,881920.0,20.1,22.3,18.7,91,10.4,13.8,8.0,60,13.9,16.9,12.2,70,16.3,19.5,14.6,88
2021-02-26,896903.0,21.7,26.1,18.8,85,10.8,14.3,8.4,85,12.2,15.8,9.7,85,14.2,17.4,10.5,89
2021-02-27,849560.0,22.0,24.5,19.9,88,16.1,22.1,10.9,87,19.4,24.6,14.4,86,20.1,24.7,15.8,86
2021-02-28,839753.0,23.2,26.5,21.8,88,19.0,22.9,13.2,84,22.3,25.0,17.3,85,22.5,25.2,21.1,84
2021-03-01,907345.0,16.9,21.4,11.5,91,11.1,14.0,8.2,53,11.4,15.8,9.4,79,12.8,20.3,9.8,75
2021-03-02,901111.0,12.2,17.4,8.7,72,10.9,17.4,4.9,53,12.4,18.3,7.6,55,13.3,19.3,7.5,50
2021-03-03,900715.0,11.7,19.0,4.7,64,12.1,20.5,3.7,55,12.2,21.1,2.3,57,13.3,21.9,4.3,52
2021-03-04,867319.0,13.3,21.0,6.2,69,15.4,22.9,8.1,58,15.6,23.5,7.1,63,15.9,24.4,6.8,69
2021-03-05,849899.0,16.5,22.3,11.4,86,15.3,20.6,12.1,64,18.7,27.0,13.2,61,19.6,28.5,14.6,60
2021-03-06,811984.0,15.5,20.4,11.5,63,12.1,18.2,6.2,55,15.1,19.6,10.2,56,15.9,20.0,11.9,53
2021-03-07,829668.0,12.8,19.9,6.1,47,12.1,19.2,4.8,47,12.9,20.2,4.8,48,14.2,20.9,7.0,50
2021-03-08,876887.0,14.3,21.8,5.8,68,13.9,20.9,6.0,44,14.6,21.4,5.8,63,15.4,21.4,8.7,65
2021-03-09,862028.0,18.7,24.0,14.4,72,17.9,22.2,13.9,69,18.7,23.9,13.5,71,18.9,24.5,13.9,71
2021-03-10,881112.0,20.8,24.8,16.6,80,20.4,24.4,17.1,68,21.1,26.5,17.4,71,21.3,27.8,17.4,71
2021-03-11,899432.0,22.3,25.7,19.9,79,22.6,25.6,20.5,68,22.7,25.7,20.6,73,22.4,26.3,20.0,75
2021-03-12,922459.0,22.7,26.3,19.9,80,22.2,25.7,18.9,75,23.3,27.4,20.6,75,23.1,26.6,20.3,76
2021-03-13,876350.0,21.9,26.5,18.2,78,22.1,26.1,18.8,69,22.0,25.8,20.1,80,22.5,26.3,19.9,80
2021-03-14,787264.0,20.4,23.7,15.8,86,17.4,22.0,13.4,62,17.7,22.5,13.2,59,17.8,24.5,11.7,57
2021-03-15,873141.0,20.5,26.5,15.0,86,17.9,27.1,10.0,43,18.8,28.4,9.0,53,18.4,28.6,8.2,54
2021-03-16,913557.0,23.0,27.0,20.6,85,20.9,26.8,14.6,66,21.9,25.6,19.0,84,21.9,26.2,18.0,83
2021-03-17,895047.0,22.2,25.6,16.9,64,17.4,22.4,9.8,58,20.5,25.1,14.6,50,21.6,26.7,16.5,48
2021-03-18,877694.0,14.4,19.7,9.0,46,10.9,16.0,7.1,53,14.9,21.9,8.7,37,16.3,23.8,9.7,34
2021-03-19,874549.0,13.2,18.8,7.7,57,11.5,18.0,5.9,57,13.7,20.7,6.5,47,14.6,22.1,7.2,41
2021-03-20,842524.0,12.6,19.0,5.8,62,12.9,19.7,5.6,59,13.7,21.1,6.3,55,13.9,21.7,4.9,54
2021-03-21,838098.0,13.5,20.3,6.7,70,13.8,20.3,6.7,58,15.2,22.7,7.9,61,15.7,23.6,8.0,62
2021-03-22,884635.0,18.2,22.7,12.9,78,15.4,17.6,12.9,78,17.5,21.1,13.4,75,18.2,23.1,14.2,76
2021-03-23,902957.0,21.4,27.0,16.5,68,16.4,23.0,9.2,56,19.4,27.3,11.0,55,19.5,27.4,11.2,56
2021-03-24,890483.0,19.2,21.7,15.4,87,17.1,24.5,10.6,63,17.8,23.0,11.2,75,18.5,24.7,13.1,80
2021-03-25,884447.0,21.6,25.9,16.5,69,15.9,20.5,12.0,69,19.1,24.4,13.0,59,19.9,25.4,13.3,57
2021-03-26,905603.0,19.6,27.3,11.6,68,17.8,25.8,10.0,57,19.5,28.7,8.9,48,19.8,29.4,8.5,48
2021-03-27,925107.0,24.1,27.3,21.8,84,21.5,27.0,15.9,66,23.5,29.7,18.0,74,23.9,30.5,18.9,71
2021-03-28,828923.0,18.5,23.1,11.7,69,17.3,22.0,12.2,45,19.1,22.6,13.0,41,19.6,22.5,13.4,42
2021-03-29,881348.0,15.3,22.3,7.0,62,16.8,24.6,7.9,45,16.5,24.6,6.6,48,16.9,24.7,8.1,48
2021-03-30,928176.0,22.5,27.2,16.7,84,20.2,25.3,15.0,64,21.4,27.6,16.3,74,21.4,27.9,16.0,74
2021-03-31,903598.0,21.4,27.0,16.2,75,16.2,21.5,12.6,37,19.2,22.2,13.6,58,20.0,21.8,16.8,61
2021-04-01,866811.0,15.6,21.2,9.6,35,13.0,19.7,4.2,39,15.3,22.2,7.0,33,16.4,22.0,9.9,30
2021-04-02,853061.0,13.6,19.7,7.9,46,13.8,20.3,5.5,44,15.3,22.1,7.2,39,16.2,22.5,10.2,45
2021-04-03,819619.0,14.2,18.0,9.5,70,16.7,20.9,13.3,50,15.1,18.7,12.0,74,16.4,21.0,12.4,72
2021-04-04,811856.0,17.5,23.2,12.2,75,18.4,23.5,14.8,61,17.8,23.5,12.6,69,18.1,23.9,13.8,74
2021-04-05,910756.0,19.9,25.1,14.9,75,19.8,25.7,13.7,64,19.4,25.8,12.6,73,20.1,26.5,13.8,73
2021-04-06,980171.0,22.9,27.3,19.1,76,22.9,27.7,18.8,64,23.5,29.7,19.4,71,24.1,31.3,19.5,70
2021-04-07,984575.0,24.0,27.5,21.6,75,22.0,26.5,16.6,51,24.0,30.3,17.9,59,24.7,31.7,20.6,59
2021-04-08,985884.0,22.5,30.3,15.0,73,20.2,28.8,10.1,47,22.3,31.3,13.5,58,24.8,34.3,15.9,54
2021-04-09,1047260.0,24.6,28.5,21.7,79,23.6,28.9,19.3,68,25.4,32.2,20.3,72,25.9,35.3,19.7,63
2021-04-10,911524.0,23.4,28.2,18.6,62,17.4,23.1,11.7,41,21.7,27.5,15.6,42,22.9,29.3,16.7,38
2021-04-11,913835.0,20.8,29.1,11.9,47,20.0,30.2,9.5,40,20.9,30.8,9.3,37,22.0,31.6,11.2,36
2021-04-12,1015698.0,21.7,28.7,14.1,72,23.1,29.8,16.5,48,23.5,30.1,16.9,70,24.3,31.4,18.8,69
2021-04-13,1011578.0,24.7,28.9,22.2,81,21.3,28.2,14.2,52,23.7,27.6,21.2,75,24.2,27.5,21.8,76
2021-04-14,988871.0,22.3,25.0,20.5,89,18.8,22.6,15.2,71,23.5,27.1,20.6,70,24.7,29.6,21.8,72
2021-04-15,923013.0,19.9,21.4,17.9,86,15.2,17.8,13.6,83,19.1,21.7,17.4,88,19.7,22.0,18.3,91
2021-04-16,922586.0,20.2,22.0,18.3,88,14.4,15.7,13.0,92,18.5,21.6,16.4,93,19.8,22.9,17.5,92
2021-04-17,849385.0,15.9,17.3,14.3,78,12.7,16.0,9.3,65,14.7,17.3,12.3,62,16.1,20.0,12.9,58
2021-04-18,825050.0,14.9,19.6,10.9,63,13.8,20.2,7.7,57,14.8,20.4,10.3,55,15.7,21.8,11.0,50
2021-04-19,878667.0,16.6,22.8,9.6,57,15.8,23.1,7.7,53,16.8,23.7,9.5,53,17.5,23.9,10.7,48
2021-04-20,906587.0,19.2,26.7,11.5,61,13.4,16.8,7.7,56,18.6,28.0,11.0,50,19.4,29.3,9.5,50
2021-04-21,900696.0,15.3,20.7,8.8,47,10.8,16.8,3.4,46,12.2,18.1,6.3,41,14.5,20.6,8.2,38
2021-04-22,892603.0,16.8,21.9,10.8,62,15.2,18.6,11.5,43,14.9,19.0,10.3,61,15.6,18.3,11.7,67
2021-04-23,930304.0,22.5,24.3,19.3,87,18.9,21.6,16.2,81,20.3,22.3,17.7,93,21.4,26.2,18.1,91
2021-04-24,928058.0,25.5,30.1,21.3,67,18.6,22.7,13.9,75,22.0,28.3,15.0,60,23.9,32.5,14.4,49
2021-04-25,933631.0,21.5,26.9,16.3,66,19.7,27.6,11.3,67,21.7,29.5,12.1,65,23.5,32.3,13.7,56
2021-04-26,1014930.0,21.9,27.3,16.4,76,22.8,28.2,17.6,63,23.2,29.0,19.1,70,24.0,30.2,18.8,69
2021-04-27,1026380.0,24.4,26.6,22.0,85,22.7,24.5,20.6,78,23.4,26.7,21.3,84,24.3,27.5,21.3,79
2021-04-28,1083131.0,26.2,29.5,23.5,79,24.7,27.9,22.3,77,25.7,28.3,22.9,77,26.7,32.8,22.9,73
2021-04-29,1021174.0,25.4,27.6,22.8,83,20.4,22.3,19.6,92,22.9,24.5,21.2,90,22.6,24.3,20.3,86
2021-04-30,933355.0,22.8,24.4,21.8,90,18.9,20.2,17.5,86,20.6,22.2,19.7,91,20.2,21.7,19.0,90
2021-05-01,887592.0,22.1,23.9,20.2,88,19.7,22.4,17.9,87,20.2,21.8,18.6,92,20.4,23.5,18.4,92
2021-05-02,985354.0,24.8,30.0,21.1,77,22.4,27.5,18.3,75,23.6,31.5,16.0,70,23.6,32.3,15.5,70
2021-05-03,1155651.0,26.7,30.3,23.4,80,25.6,31.5,21.9,76,26.9,33.5,22.2,76,27.3,34.1,21.4,75
2021-05-04,1045347.0,26.4,29.5,22.8,78,20.3,23.2,16.6,71,24.0,27.7,20.3,68,24.9,28.5,21.5,66
2021-05-05,966816.0,22.3,28.0,16.2,63,18.1,24.5,11.5,57,20.5,26.9,13.9,60,21.9,28.1,15.5,56
2021-05-06,1003413.0,22.9,29.6,16.5,63,21.3,27.6,13.5,57,22.3,30.2,14.4,59,22.7,29.9,15.2,61
2021-05-07,1035876.0,23.0,29.4,15.4,60,22.6,29.1,14.5,59,23.2,29.9,15.1,61,23.4,29.8,15.9,63
2021-05-08,1063993.0,24.2,29.4,18.5,75,24.5,30.6,17.5,64,25.3,32.1,19.4,72,25.5,31.6,19.9,73
2021-05-09,1100450.0,27.1,30.3,24.5,76,24.8,27.5,21.2,68,27.0,31.1,24.2,75,27.2,32.5,23.4,75
2021-05-10,1073392.0,27.4,31.0,24.6,78,16.1,19.9,14.3,81,24.8,29.6,20.0,83,25.8,30.6,22.0,80
2021-05-11,1028195.0,25.9,29.5,21.8,82,15.0,16.3,14.0,93,20.5,29.5,16.5,86,22.2,28.7,18.3,86
2021-05-12,910256.0,20.3,23.6,18.6,85,15.5,17.0,13.9,83,18.1,21.3,15.7,80,19.4,22.9,16.7,75
2021-05-13,927949.0,21.6,25.3,17.8,70,18.8,23.5,14.5,65,19.4,23.2,16.1,72,19.7,23.8,15.7,70
2021-05-14,983033.0,22.4,27.5,18.3,64,19.9,24.6,14.4,63,22.2,27.0,16.3,68,22.5,27.4,16.3,70
2021-05-15,965826.0,22.8,27.3,17.4,75,22.4,27.0,16.7,68,23.2,26.8,19.3,74,22.6,25.2,20.3,84
2021-05-16,948405.0,23.5,25.0,22.4,83,22.1,24.8,19.8,84,22.9,26.0,21.2,89,23.8,28.3,21.5,85
2021-05-17,1043832.0,23.6,27.5,21.3,88,22.8,26.5,19.9,80,24.4,27.7,22.1,82,24.9,28.7,23.2,83
2021-05-18,986110.0,24.0,27.4,21.3,81,20.3,22.8,18.1,84,21.8,25.4,18.3,85,23.6,26.5,21.4,82
2021-05-19,947678.0,20.9,22.6,19.2,88,22.2,26.9,17.7,77,19.9,22.5,17.5,87,20.3,22.7,17.6,83
2021-05-20,1004637.0,23.3,27.1,18.7,84,22.6,26.1,19.7,77,22.9,29.0,16.8,76,22.9,29.6,16.1,75
2021-05-21,1070867.0,24.4,27.9,21.7,87,24.1,28.8,21.3,81,24.7,29.6,19.6,75,24.9,29.9,18.8,73
2021-05-22,1007406.0,24.5,26.4,23.4,87,23.3,25.8,22.0,86,24.1,26.2,23.0,89,24.4,27.2,22.5,87
2021-05-23,966112.0,23.8,25.9,22.6,87,22.8,25.4,21.1,81,22.9,24.0,22.0,92,23.7,26.2,22.3,89
2021-05-24,1032317.0,24.3,27.0,22.6,87,22.2,24.4,20.6,87,24.0,29.7,21.8,87,24.7,28.5,21.7,86
2021-05-25,1085321.0,25.4,28.6,23.2,85,23.5,26.7,21.9,83,25.8,29.5,23.1,83,26.3,30.3,23.2,83
2021-05-26,1191577.0,26.5,30.4,22.7,80,27.1,31.7,23.4,74,26.7,31.3,23.1,78,26.8,30.9,23.4,78
2021-05-27,1212276.0,27.0,31.1,23.3,80,27.3,31.0,23.4,72,27.3,31.5,23.2,75,27.2,31.6,23.0,75
2021-05-28,1113218.0,26.2,30.6,23.9,81,22.7,25.9,20.0,84,25.2,28.6,21.5,83,26.0,30.7,21.6,82
2021-05-29,1028643.0,25.6,30.3,21.1,73,23.8,28.6,19.5,71,24.2,30.6,18.1,73,24.1,29.7,19.7,77
2021-05-30,1005535.0,24.8,28.1,22.5,79,20.8,24.0,17.9,73,24.6,28.4,20.8,81,24.8,29.2,20.7,82
2021-05-31,1018115.0,25.6,28.9,22.4,79,21.1,25.0,18.8,84,24.9,28.8,22.1,81,25.2,28.8,22.5,80
2021-06-01,1031475.0,25.7,28.7,23.6,81,21.2,22.9,19.1,81,23.9,27.5,20.5,80,23.5,28.3,20.0,84
2021-06-02,1074462.0,25.4,30.3,21.0,79,22.3,27.1,16.6,72,25.0,30.1,19.9,75,24.7,29.4,20.6,79
2021-06-03,1022862.0,23.7,27.8,21.7,85,23.1,27.0,17.9,72,21.6,23.2,19.8,88,21.4,23.5,20.2,90
2021-06-04,1022013.0,23.7,26.0,22.0,88,23.0,27.0,19.1,77,22.8,26.9,20.2,87,23.4,27.3,20.1,81
2021-06-05,1049314.0,25.1,29.5,22.0,84,23.8,28.7,20.6,80,24.1,28.1,20.7,82,24.2,28.7,20.6,81
2021-06-06,1111492.0,26.7,31.3,21.8,81,25.3,30.6,20.3,78,26.3,32.0,20.3,77,26.7,32.0,21.0,78
2021-06-07,1191506.0,28.4,31.4,26.2,81,25.2,27.8,23.4,81,27.6,30.5,25.7,80,28.2,31.7,25.3,80
2021-06-08,1259951.0,29.1,31.9,26.6,77,27.1,31.1,23.7,78,28.2,31.9,25.4,79,28.4,32.6,25.4,79
2021-06-09,1306090.0,29.4,32.8,26.8,78,28.9,32.9,25.1,73,28.9,33.2,25.0,77,28.5,33.1,24.7,79
2021-06-10,1318631.0,28.8,33.0,25.0,78,28.7,32.7,25.2,72,28.7,33.2,24.5,73,28.3,33.1,24.2,76
2021-06-11,1326590.0,28.7,33.2,24.5,74,28.9,32.9,25.4,72,28.8,33.0,25.1,73,28.7,33.0,24.8,75
2021-06-12,1272408.0,29.3,33.7,25.3,75,28.3,32.6,23.7,72,28.7,33.7,24.1,74,28.7,33.8,23.7,75
2021-06-13,1312310.0,30.0,35.0,25.7,72,30.1,35.5,23.8,69,29.9,35.5,24.1,69,29.2,35.0,23.0,72
2021-06-14,1366841.0,29.7,34.7,25.1,71,30.3,35.3,25.6,67,30.2,35.6,25.3,65,29.2,34.7,23.9,68
2021-06-15,1328392.0,28.3,34.0,23.9,75,29.7,34.8,23.2,62,29.6,35.8,23.8,68,29.0,34.7,22.6,70
2021-06-16,1316124.0,28.2,34.5,22.1,72,29.7,35.5,22.5,58,29.1,34.8,22.2,63,28.5,34.0,22.1,67
2021-06-17,1343117.0,29.2,33.6,24.6,67,30.0,35.3,23.9,61,29.8,35.2,23.5,63,28.9,34.0,22.6,66
2021-06-18,1318930.0,28.2,33.3,22.3,64,29.2,33.5,24.9,63,29.0,33.1,24.1,67,28.5,32.9,23.2,68
2021-06-19,1273104.0,28.8,33.2,24.1,72,28.2,33.5,21.3,58,28.5,34.3,21.2,57,28.0,33.9,20.5,61
2021-06-20,1292526.0,28.3,31.4,24.2,82,29.9,34.7,24.5,60,29.1,34.0,23.8,72,29.1,34.1,24.2,72
2021-06-21,1333125.0,28.6,31.5,26.7,81,27.6,32.4,23.5,74,29.7,33.7,27.2,76,29.9,34.2,26.8,76
2021-06-22,1230865.0,27.7,31.2,24.3,84,25.0,29.6,20.0,64,27.0,31.0,23.7,81,27.7,32.1,23.8,80
2021-06-23,1339546.0,28.6,32.4,25.1,81,29.0,34.4,24.1,68,29.2,34.4,24.3,76,29.2,34.7,24.9,76
2021-06-24,1393364.0,29.1,32.1,25.8,81,30.7,35.0,26.1,65,29.7,34.2,24.8,72,29.9,34.7,25.3,71
2021-06-25,1390615.0,29.1,32.8,26.2,79,30.5,35.2,26.0,64,29.8,34.8,25.9,69,29.5,34.9,24.9,69
2021-06-26,1318439.0,28.6,31.4,25.7,77,30.1,34.4,25.7,62,29.8,34.3,26.3,67,29.8,35.1,25.8,67
2021-06-27,1219770.0,27.2,30.5,25.1,81,28.4,32.3,25.3,70,27.0,30.7,24.2,79,26.6,30.6,23.9,81
2021-06-28,1154264.0,25.2,27.5,23.9,89,25.3,28.9,23.6,85,26.2,30.4,23.7,81,26.0,29.6,23.3,84
2021-06-29,1171463.0,26.3,28.3,24.1,86,26.4,30.7,23.3,81,26.2,30.2,23.5,83,25.9,28.5,23.2,82
2021-06-30,1241565.0,27.4,31.7,24.5,81,27.6,32.5,23.5,77,27.7,32.6,23.9,77,27.1,31.7,23.8,81
2021-07-01,1306326.0,27.9,32.1,23.6,78,29.2,33.9,24.6,70,28.8,34.1,23.6,73,28.2,33.1,23.1,76
2021-07-02,1267726.0,28.1,32.7,24.5,80,26.7,29.3,24.4,82,29.2,34.3,24.9,71,29.0,33.4,23.8,71
2021-07-03,1151167.0,26.4,29.3,24.6,87,25.9,28.4,23.9,76,27.4,31.6,24.9,80,28.5,32.4,23.8,73
2021-07-04,1134954.0,26.4,30.5,23.8,87,26.7,30.4,23.8,66,26.3,29.7,24.2,86,26.9,30.4,24.3,85
2021-07-05,1171574.0,26.5,29.7,23.7,86,27.1,31.6,23.4,70,25.8,29.8,23.7,90,26.0,29.0,24.2,89
2021-07-06,1203701.0,26.4,29.6,24.2,85,27.4,33.0,23.1,76,25.7,29.2,23.1,87,24.9,27.5,22.9,90
2021-07-07,1215268.0,26.2,29.9,23.8,82,27.9,32.6,23.3,74,25.8,29.3,22.5,83,24.9,28.6,22.4,88
2021-07-08,1236757.0,25.7,27.3,24.7,87,28.8,33.9,23.9,69,25.8,30.1,23.2,84,25.4,29.5,23.1,86
2021-07-09,1155521.0,26.0,27.7,24.8,86,26.6,29.8,23.7,77,24.6,26.2,23.4,95,24.6,25.4,23.6,97
2021-07-10,1227205.0,28.9,32.5,25.9,81,28.4,33.5,23.8,72,27.3,32.2,24.3,86,26.7,30.4,24.1,88
2021-07-11,1220706.0,28.6,32.3,25.2,78,27.8,32.8,23.6,72,28.0,32.6,24.1,76,27.7,31.7,24.3,78
2021-07-12,1232837.0,27.3,31.2,24.0,81,26.6,30.6,22.8,74,27.0,29.5,24.7,79,27.4,30.7,24.4,79
2021-07-13,1232918.0,26.9,31.8,23.4,81,27.5,33.3,22.1,72,25.6,30.4,21.6,82,25.9,29.4,22.4,84
2021-07-14,1236409.0,26.8,30.7,23.3,83,27.0,32.6,21.6,72,26.3,31.2,22.9,81,26.2,30.9,23.3,82
2021-07-15,1281842.0,27.6,31.8,24.1,83,28.0,32.6,23.9,72,27.7,32.2,23.7,78,27.6,32.6,23.6,78
2021-07-16,1307042.0,28.6,32.5,25.1,80,28.8,33.2,25.2,71,28.6,32.4,24.7,73,28.2,32.2,23.6,74
2021-07-17,1297452.0,29.0,33.7,24.2,77,29.1,32.9,25.5,68,28.8,33.0,24.7,73,28.4,32.9,24.7,74
2021-07-18,1282728.0,28.9,32.9,25.0,79,29.7,34.3,26.1,61,28.6,33.3,23.9,75,28.3,32.6,23.3,77
2021-07-19,1280880.0,28.3,33.2,25.0,81,26.8,28.8,25.3,76,27.9,33.7,24.5,80,28.1,33.2,24.5,77
2021-07-20,1246355.0,27.1,31.3,24.0,80,27.0,31.4,22.7,73,27.1,32.3,22.8,78,27.0,31.9,22.6,79
2021-07-21,1238567.0,27.4,31.6,23.6,78,27.5,32.3,22.6,64,27.2,31.2,23.2,73,26.9,31.3,23.2,76
2021-07-22,1264296.0,27.4,31.4,23.8,83,28.3,33.3,22.7,66,26.4,31.9,22.0,81,25.4,30.6,21.3,86
2021-07-23,1340366.0,29.5,34.3,25.1,77,29.3,34.0,24.4,66,28.8,33.6,24.4,75,28.4,33.0,24.6,77
2021-07-24,1347280.0,29.5,34.2,25.4,77,30.4,35.3,25.1,63,29.1,34.6,24.6,71,28.5,33.7,24.2,75
2021-07-25,1332114.0,28.8,33.9,23.1,77,30.6,36.1,24.6,61,29.1,34.8,23.3,70,28.1,33.7,21.7,75
2021-07-26,1399283.0,29.3,34.8,24.4,74,31.0,36.5,25.2,57,29.3,35.6,23.8,70,28.4,33.8,23.1,75
2021-07-27,1402156.0,28.6,33.4,25.3,77,31.5,37.4,26.4,57,29.8,35.7,23.6,64,28.1,34.0,22.1,71
2021-07-28,1379557.0,28.7,33.3,23.6,77,30.3,35.5,25.6,64,29.7,34.5,24.3,64,28.5,33.3,22.8,71
2021-07-29,1391086.0,29.3,34.2,25.3,78,31.0,36.3,24.7,61,29.6,34.7,24.7,68,28.5,34.0,23.2,72
2021-07-30,1392949.0,28.9,33.9,25.1,79,31.4,36.2,25.9,62,29.7,35.3,23.9,70,28.7,34.2,22.0,71
2021-07-31,1378068.0,29.1,33.7,25.2,81,31.8,36.4,26.4,60,30.1,35.7,24.9,70,29.5,34.6,23.8,74
2021-08-01,1313576.0,29.3,33.0,26.1,80,29.2,34.1,25.7,71,29.7,35.3,25.5,69,29.2,35.0,24.6,71
2021-08-02,1260034.0,28.6,32.1,26.0,81,25.8,30.0,23.5,84,26.5,30.9,23.4,83,27.0,30.7,24.4,80
2021-08-03,1269867.0,28.0,31.7,25.1,82,27.3,32.3,22.8,70,28.3,33.6,24.0,73,27.6,32.8,23.6,77
2021-08-04,1278228.0,28.0,32.0,25.1,82,27.2,31.7,23.0,69,28.3,33.4,23.3,68,27.9,32.0,23.8,76
2021-08-05,1249514.0,27.1,29.8,25.1,80,27.0,31.6,22.7,68,26.5,30.2,24.3,84,25.8,29.4,23.3,86
2021-08-06,1281917.0,27.3,31.4,24.2,80,28.0,33.1,23.2,67,27.7,32.9,23.8,79,27.4,32.3,23.6,81
2021-08-07,1311572.0,28.3,32.3,24.0,80,29.0,33.8,24.0,71,29.1,34.3,24.7,72,28.6,33.6,24.2,74
2021-08-08,1346568.0,29.3,33.2,25.1,79,30.2,35.0,25.7,64,29.9,35.2,25.8,70,29.3,34.4,24.8,72
2021-08-09,1431547.0,29.7,33.3,26.1,78,30.7,35.4,26.1,63,30.2,35.3,26.0,67,29.4,34.0,25.2,71
2021-08-10,1427176.0,29.7,33.4,26.2,78,30.4,35.1,25.5,64,30.3,35.9,25.3,65,29.2,34.4,24.6,69
2021-08-11,1405178.0,29.0,32.7,25.3,80,30.2,35.2,24.9,63,29.9,35.8,24.6,69,29.0,34.9,23.9,73
2021-08-12,1411057.0,28.6,31.9,24.6,80,30.6,35.8,25.4,64,30.4,36.5,25.3,66,29.2,34.9,24.3,73
2021-08-13,1368396.0,27.7,30.5,24.5,85,30.0,34.5,25.4,65,30.1,36.1,24.4,66,28.7,34.2,23.3,74
2021-08-14,1261011.0,28.1,32.9,23.7,80,27.7,30.1,25.3,71,30.2,35.3,24.7,63,28.9,34.1,23.3,71
2021-08-15,1202379.0,26.7,33.2,23.4,86,27.4,31.4,24.3,70,27.6,32.2,24.2,74,27.4,32.7,23.2,76
2021-08-16,1281391.0,26.7,31.7,22.8,83,27.9,32.5,23.4,71,28.2,34.5,22.3,72,27.8,33.8,22.2,73
2021-08-17,1273383.0,27.9,32.4,23.7,82,26.4,29.8,23.7,80,28.7,33.9,24.5,71,28.6,34.5,24.4,74
2021-08-18,1249032.0,28.1,31.7,25.5,85,25.1,27.6,23.2,91,28.4,32.6,25.8,82,29.3,34.3,25.6,78
2021-08-19,1368780.0,29.6,33.5,26.6,80,28.6,33.3,24.2,77,30.7,36.6,26.7,69,30.5,36.2,25.9,68
2021-08-20,1388646.0,29.3,33.6,25.1,76,29.9,34.9,25.3,66,30.4,35.8,25.8,65,29.9,35.7,24.9,68
2021-08-21,1357405.0,28.9,33.6,24.3,76,30.1,34.6,25.1,66,30.6,36.5,25.3,65,29.9,35.5,25.0,68
2021-08-22,1354491.0,28.4,33.4,23.2,78,30.0,34.8,25.5,66,30.4,36.2,24.1,63,29.7,35.6,23.9,67
2021-08-23,1396947.0,28.4,33.5,22.2,76,29.9,34.9,24.3,63,30.3,36.5,23.4,61,29.3,35.8,22.4,65
2021-08-24,1416272.0,28.7,33.6,23.7,78,29.9,35.1,23.9,64,31.1,37.3,24.9,59,30.0,36.3,23.9,64
2021-08-25,1419698.0,28.5,33.2,23.9,80,30.2,35.3,24.3,65,30.9,37.8,24.8,59,30.1,36.2,23.7,63
2021-08-26,1398122.0,27.9,32.9,24.5,83,30.7,35.6,25.7,62,31.2,37.8,25.9,57,30.2,35.6,24.2,61
2021-08-27,1329040.0,27.5,30.9,24.4,84,28.8,33.3,24.4,68,27.5,31.6,23.5,76,28.0,32.7,24.1,73
2021-08-28,1273090.0,26.6,30.0,24.1,87,28.7,32.7,23.8,67,28.1,34.1,23.9,75,27.6,32.1,23.9,76
2021-08-29,1264129.0,28.1,33.5,24.1,81,27.7,31.1,24.6,74,28.9,34.7,23.7,72,28.8,34.4,23.7,71
2021-08-30,1366379.0,29.0,33.6,24.5,75,29.2,34.3,24.0,66,29.9,34.5,24.2,65,29.3,33.8,24.1,68
2021-08-31,1411183.0,29.2,34.1,25.4,78,30.4,35.5,24.6,63,31.6,38.3,24.9,57,30.6,37.1,23.6,60
2021-09-01,1430195.0,28.3,31.9,24.9,86,30.9,36.1,26.2,62,31.1,38.3,25.8,65,30.9,37.0,25.3,65
2021-09-02,1410343.0,27.8,31.3,24.8,85,30.6,35.4,25.3,64,30.8,37.1,25.7,65,30.2,36.4,25.5,68
2021-09-03,1382301.0,27.4,30.9,24.6,85,30.5,35.0,25.6,62,30.3,36.0,25.1,67,29.7,35.3,24.7,70
2021-09-04,1351646.0,28.1,33.1,23.1,79,30.3,35.3,25.1,63,31.0,37.8,24.8,60,30.2,36.6,24.8,63
2021-09-05,1307243.0,29.0,34.2,24.5,77,29.5,32.5,26.4,64,31.5,38.7,24.5,53,30.2,37.5,23.0,57
2021-09-06,1298304.0,27.7,31.8,24.3,81,28.8,34.4,24.0,63,30.0,35.8,24.4,58,28.7,35.8,24.2,67
2021-09-07,1295794.0,26.6,31.8,22.3,74,27.3,34.6,20.1,50,29.1,35.1,22.7,63,28.9,35.6,22.6,63
2021-09-08,1268426.0,26.0,32.4,19.9,69,26.6,32.9,20.1,53,29.9,37.6,21.9,52,29.7,37.0,22.0,57
2021-09-09,1245803.0,26.7,32.8,20.7,70,26.3,33.2,19.3,44,28.9,36.3,20.7,38,28.5,36.0,19.9,47
2021-09-10,1222772.0,25.6,31.3,20.9,64,26.3,33.2,18.7,43,27.5,35.1,19.2,36,27.6,34.9,20.0,46
2021-09-11,1151509.0,24.2,30.8,17.6,70,25.8,32.3,18.7,48,26.8,34.2,17.5,50,26.6,33.6,18.6,53
2021-09-12,1164646.0,25.4,30.5,20.5,78,25.6,32.2,18.4,54,27.8,34.0,20.8,64,27.2,32.3,21.5,69
2021-09-13,1174281.0,24.4,26.0,22.9,89,26.6,31.2,22.3,67,26.6,31.1,24.1,70,26.2,30.1,23.1,72
2021-09-14,1111736.0,22.8,24.2,21.9,92,25.2,28.2,21.6,72,26.4,31.7,21.6,63,26.7,33.4,21.2,63
2021-09-15,1149755.0,24.5,27.5,22.7,83,25.7,31.2,20.4,68,27.2,32.4,22.6,63,26.4,31.9,21.8,67
2021-09-16,1185467.0,24.4,27.1,21.4,86,26.4,32.2,20.6,65,27.9,33.9,21.2,58,27.2,33.5,19.7,62
2021-09-17,1258700.0,25.9,30.6,21.8,83,26.8,32.8,20.9,66,28.9,36.3,21.4,60,28.8,36.0,20.7,63
2021-09-18,1236648.0,26.5,31.6,22.5,83,28.2,34.2,22.0,63,29.7,36.4,23.0,54,29.2,36.2,23.3,62
2021-09-19,1248000.0,26.4,31.3,22.1,83,28.0,33.7,22.1,67,30.0,37.3,22.0,52,29.2,36.0,21.5,60
2021-09-20,1369247.0,27.6,32.8,23.4,84,30.4,37.6,23.7,54,31.3,38.3,24.8,55,30.5,37.8,23.7,59
2021-09-21,1307046.0,28.6,33.5,24.0,79,27.5,30.7,22.9,49,29.7,35.9,25.8,63,29.3,35.6,25.4,69
2021-09-22,1065007.0,23.6,27.3,17.2,56,21.8,28.3,14.7,40,24.9,30.5,19.0,30,25.0,30.2,19.0,32
2021-09-23,1024229.0,19.9,26.6,12.5,65,20.8,28.5,12.8,44,22.9,31.3,13.0,31,22.4,30.6,13.0,36
2021-09-24,1040896.0,20.5,27.1,13.7,70,22.1,30.2,13.2,44,23.5,31.7,14.1,45,22.9,31.2,13.8,49
2021-09-25,1043469.0,21.3,28.5,14.3,70,23.8,31.7,14.5,48,24.4,32.6,15.4,51,23.8,31.6,15.8,55
2021-09-26,1066151.0,21.9,28.3,14.8,76,24.8,32.3,16.7,47,24.7,32.6,15.8,47,23.6,31.6,14.0,53
2021-09-27,1165394.0,25.1,31.1,19.5,81,24.6,30.2,18.0,54,26.0,33.0,17.6,58,25.5,32.0,17.8,64
2021-09-28,1210964.0,24.4,26.1,22.7,92,26.7,33.6,20.8,56,28.4,35.1,23.3,67,28.7,36.3,23.1,67
2021-09-29,1175412.0,24.1,28.1,20.7,87,26.3,32.1,21.8,64,24.9,32.3,19.0,78,26.0,32.0,21.8,76
2021-09-30,1195101.0,25.0,27.6,22.9,90,25.9,31.3,22.1,69,26.7,33.7,23.0,78,27.5,33.7,23.6,75
2021-10-01,1080501.0,24.2,25.7,23.3,91,22.5,24.2,20.2,87,24.4,29.6,21.4,82,24.5,30.2,21.2,83
2021-10-02,1085440.0,24.7,27.9,22.5,90,24.8,29.3,20.9,78,26.1,30.8,21.4,75,26.2,31.4,22.2,77
2021-10-03,1096948.0,25.6,30.3,22.0,85,24.3,30.3,18.9,65,26.7,32.7,22.0,64,26.9,32.6,22.1,70
2021-10-04,1115322.0,24.8,30.7,20.4,73,23.4,31.1,16.3,55,25.8,32.8,20.1,48,26.0,32.7,20.3,56
2021-10-05,1074388.0,23.7,30.2,17.2,69,22.7,30.3,15.3,49,24.6,33.0,16.5,41,24.3,32.8,16.1,50
2021-10-06,1075189.0,22.7,30.1,16.6,73,22.6,30.5,14.7,56,24.2,32.0,15.6,44,24.6,32.0,17.2,48
2021-10-07,1123532.0,23.2,30.0,16.1,74,24.3,32.8,15.4,56,25.6,32.9,18.4,54,25.3,32.7,17.5,59
2021-10-08,1159748.0,23.3,30.0,17.1,78,26.5,33.4,20.2,53,26.1,33.3,19.0,55,25.3,32.6,17.7,61
2021-10-09,1125863.0,23.4,29.5,17.0,80,26.6,33.3,20.2,50,25.3,32.7,18.1,63,24.6,32.0,17.3,67
2021-10-10,1170334.0,26.1,29.9,21.6,83,26.6,33.1,21.6,67,27.5,34.5,21.8,72,27.3,34.1,21.4,76
2021-10-11,1098931.0,25.2,29.4,21.1,78,21.6,27.5,15.8,58,23.6,29.1,17.8,58,24.2,29.5,18.4,58
2021-10-12,1171082.0,27.1,31.3,23.3,83,23.1,28.3,16.9,71,26.0,30.7,22.5,81,27.0,31.5,24.1,79
2021-10-13,1196483.0,27.2,31.0,24.3,76,25.1,27.6,20.7,81,27.1,30.9,22.8,79,27.0,31.6,23.1,81
2021-10-14,1102911.0,25.7,27.8,24.3,85,23.6,28.6,20.3,83,24.3,28.9,22.2,87,24.6,29.3,22.3,85
2021-10-15,1100517.0,26.7,31.4,23.6,81,22.3,25.3,16.7,73,24.7,30.7,19.5,75,25.2,31.5,20.3,77
2021-10-16,870679.0,19.3,23.3,14.8,52,16.2,22.8,9.8,54,18.1,23.3,13.2,47,18.4,23.1,14.3,49
2021-10-17,844351.0,16.3,22.5,10.2,61,15.7,22.9,9.4,63,16.3,22.9,9.1,54,16.1,22.5,10.0,56
2021-10-18,926022.0,17.0,24.2,9.9,72,16.7,24.1,8.5,59,17.2,24.6,9.2,61,17.7,24.8,9.6,65
2021-10-19,990610.0,20.3,26.6,14.5,78,20.3,26.7,14.8,61,21.0,28.0,14.5,69,21.1,27.9,14.9,73
2021-10-20,1060751.0,23.9,29.9,20.2,83,22.7,27.2,18.5,76,22.9,28.2,18.6,80,22.7,27.6,18.9,82
2021-10-21,1071141.0,24.2,29.7,21.3,85,22.3,28.1,17.7,64,23.9,30.4,17.8,72,23.3,28.7,18.3,79
2021-10-22,1072817.0,23.5,28.9,18.7,84,21.3,29.2,14.4,58,23.8,30.0,17.6,73,23.2,28.6,17.9,78
2021-10-23,1072660.0,23.8,27.9,20.7,88,24.3,30.0,19.3,73,25.2,30.1,22.0,76,24.8,30.0,21.4,78
2021-10-24,1083505.0,24.7,29.6,20.7,84,24.4,29.2,20.7,74,25.0,30.0,21.4,78,25.1,29.9,21.7,81
2021-10-25,1154907.0,25.6,30.7,22.8,85,23.3,30.1,16.5,63,25.7,31.8,21.8,80,25.5,31.3,21.8,84
2021-10-26,1162813.0,25.2,28.4,22.2,87,24.6,29.2,21.1,74,26.1,30.2,22.7,80,26.0,30.1,23.0,82
2021-10-27,1024579.0,23.0,25.1,18.9,72,19.7,25.3,16.3,68,21.5,25.4,14.3,60,22.6,26.0,16.3,57
2021-10-28,911001.0,19.2,24.7,14.8,39,18.2,22.3,14.9,35,19.2,25.4,13.8,34,18.7,26.3,11.8,40
2021-10-29,890552.0,16.8,22.1,12.5,37,16.3,21.4,12.0,34,17.4,23.7,12.4,31,16.2,24.0,9.7,43
2021-10-30,865195.0,14.9,23.7,7.7,53,14.3,23.2,6.7,48,16.5,26.6,8.3,47,16.2,26.6,7.0,55
2021-10-31,885568.0,16.8,26.0,9.4,67,17.2,26.7,9.1,53,18.7,28.3,9.7,59,18.8,28.5,9.7,65
2021-11-01,939234.0,17.9,25.3,11.3,77,17.6,26.0,11.2,62,19.2,27.0,12.1,70,19.5,26.7,12.8,75
2021-11-02,948281.0,19.1,25.3,14.0,83,13.2,15.5,11.0,85,19.9,24.8,14.8,80,20.6,25.5,15.7,80
2021-11-03,950630.0,17.2,22.2,14.1,86,9.1,10.8,8.5,91,14.1,18.7,10.4,96,16.5,20.5,11.2,93
2021-11-04,927844.0,12.2,14.2,10.6,84,9.9,14.3,7.6,72,11.1,14.0,9.2,80,11.7,14.6,10.0,84
2021-11-05,923125.0,12.6,18.1,7.6,65,9.6,16.0,3.9,70,11.0,17.8,5.4,74,12.2,18.1,7.6,76
2021-11-06,883274.0,12.4,19.5,6.4,75,11.0,19.1,3.8,67,12.8,20.8,7.2,71,12.5,21.0,5.5,76
2021-11-07,909151.0,13.8,21.4,7.8,79,14.1,23.1,6.4,66,14.5,23.0,7.0,72,15.1,23.1,8.6,74
2021-11-08,926674.0,15.5,23.7,8.5,80,16.0,23.1,10.2,75,17.2,25.0,10.9,78,17.5,25.7,10.0,79
2021-11-09,924553.0,17.2,23.7,11.1,84,18.2,23.7,14.0,79,18.6,24.4,13.5,81,19.0,24.7,14.4,81
2021-11-10,959844.0,20.8,26.4,15.6,82,20.1,24.7,16.1,75,21.4,27.2,16.8,76,21.5,27.0,17.2,78
2021-11-11,931699.0,19.8,23.7,14.1,79,15.2,19.6,11.3,63,18.6,22.9,12.3,65,19.3,24.3,13.2,67
2021-11-12,934798.0,16.4,24.4,9.5,75,12.6,20.3,7.5,56,15.7,25.7,6.7,61,16.4,25.6,7.7,65
2021-11-13,898599.0,13.0,19.2,6.4,55,9.9,17.7,2.7,52,13.3,20.8,5.8,49,14.7,21.7,7.3,47
2021-11-14,887935.0,15.3,24.9,6.4,72,13.6,21.4,7.4,57,16.6,25.9,9.2,63,17.0,25.9,9.1,64
2021-11-15,955695.0,19.2,26.7,12.3,79,16.5,27.4,7.0,71,19.4,27.5,12.1,76,19.1,27.4,11.8,78
2021-11-16,987609.0,20.9,26.7,15.5,78,21.1,26.7,17.0,73,21.4,27.6,17.4,77,21.1,27.7,16.4,78
2021-11-17,1005862.0,22.1,28.0,16.7,78,21.0,27.3,16.1,66,21.7,28.1,16.8,74,21.1,27.8,15.6,77
2021-11-18,937827.0,17.4,20.0,12.5,76,12.3,16.6,8.4,33,15.9,19.7,12.1,39,16.3,19.3,13.0,45
2021-11-19,953942.0,12.6,18.4,8.1,55,9.6,16.7,2.6,41,12.5,18.9,7.0,43,13.5,19.5,8.8,45
2021-11-20,911694.0,16.9,23.6,10.5,78,15.0,22.6,7.8,60,15.5,22.7,9.4,76,15.6,22.5,9.2,79
2021-11-21,906473.0,20.9,26.4,16.8,85,18.0,21.2,13.1,73,20.6,24.5,16.5,77,20.6,24.3,17.7,79
2021-11-22,927045.0,16.7,21.5,10.6,65,12.0,18.5,5.9,50,15.0,21.3,10.7,43,15.2,21.3,8.4,47
2021-11-23,952604.0,13.3,20.5,6.6,73,13.1,21.5,5.5,46,12.9,21.6,2.9,53,13.5,21.5,7.1,54
2021-11-24,949323.0,19.8,25.1,13.8,73,18.0,24.2,12.4,70,19.0,25.3,13.1,78,18.8,25.1,12.8,81
2021-11-25,898306.0,17.9,21.6,13.4,83,12.8,19.8,7.5,57,16.1,20.5,11.6,64,17.0,20.9,12.7,66
2021-11-26,932304.0,11.3,14.6,7.7,58,7.0,13.0,1.3,57,10.0,13.2,6.6,49,11.4,14.8,8.2,49
2021-11-27,937613.0,10.6,13.4,8.1,79,9.9,13.7,6.1,68,10.0,11.8,8.4,83,10.2,12.0,8.0,82
2021-11-28,896887.0,12.7,14.9,9.0,88,12.7,18.8,8.9,70,13.1,20.3,8.9,77,13.0,20.9,8.1,79
2021-11-29,963361.0,12.6,21.0,6.0,79,12.5,22.8,3.4,62,12.6,22.4,4.2,64,12.6,22.2,4.4,67
2021-11-30,948475.0,14.3,22.8,6.8,82,15.3,24.5,8.2,62,15.0,23.4,8.2,67,14.6,23.1,7.1,72
2021-12-01,937394.0,16.7,25.3,9.8,81,16.5,23.6,12.3,69,16.9,25.3,10.3,84,17.1,25.0,9.7,82
2021-12-02,950944.0,17.9,25.6,10.7,85,16.5,26.0,7.0,72,17.8,25.6,11.0,85,18.0,24.6,12.3,85
2021-12-03,963935.0,20.5,26.2,16.6,87,19.1,22.7,16.1,86,20.5,25.3,17.7,88,20.8,26.2,17.9,85
2021-12-04,938902.0,21.7,26.1,19.0,89,20.2,24.4,17.8,82,20.7,24.9,18.1,85,20.5,25.1,17.9,85
2021-12-05,949862.0,21.8,25.9,17.9,86,20.3,24.9,15.7,73,21.8,25.5,18.1,84,21.8,25.6,18.1,85
2021-12-06,982626.0,21.5,25.3,16.3,83,13.3,21.4,6.2,48,17.6,22.4,9.5,63,18.2,22.0,11.4,68
2021-12-07,979168.0,15.2,18.2,12.5,71,8.1,14.9,2.0,57,11.9,19.3,5.7,51,12.8,19.9,7.1,50
2021-12-08,974978.0,17.6,20.5,15.6,87,10.5,15.8,6.3,82,15.2,23.3,8.1,67,15.8,25.5,7.8,67
2021-12-09,1000865.0,23.5,28.4,17.3,84,19.8,27.0,13.0,76,20.5,25.9,16.6,86,20.1,25.8,15.6,86
2021-12-10,1048540.0,25.7,28.2,24.2,82,23.3,28.1,19.3,75,23.8,28.4,20.5,82,23.3,28.8,20.2,83
2021-12-11,940785.0,17.0,25.4,9.7,60,10.2,21.5,4.6,44,13.4,20.6,5.9,45,14.9,20.9,7.1,42
2021-12-12,997142.0,10.3,16.1,5.2,60,6.9,14.8,-0.9,57,8.0,16.0,0.1,54,8.8,16.3,2.1,49
2021-12-13,994733.0,15.8,21.2,9.2,82,12.0,19.5,5.2,55,13.0,17.5,7.9,63,12.8,17.2,7.2,67
2021-12-14,988781.0,22.3,26.2,19.1,89,18.6,23.7,14.7,87,19.6,24.3,15.7,90,19.4,24.0,14.8,88
2021-12-15,1030142.0,23.5,27.1,21.2,83,23.3,26.4,21.1,75,23.4,27.5,21.2,81,23.0,26.4,20.6,83
2021-12-16,1020453.0,23.4,27.0,20.7,83,21.2,23.9,17.5,74,23.4,26.3,21.6,80,23.1,26.7,20.6,81
2021-12-17,1010390.0,23.0,26.5,20.8,84,22.1,25.5,18.5,72,23.1,26.5,21.0,79,22.8,26.2,20.4,81
2021-12-18,958311.0,18.9,21.9,13.1,93,12.7,22.3,6.3,69,16.0,22.0,9.6,78,17.0,21.6,10.6,79
2021-12-19,1005285.0,11.9,14.5,9.7,64,4.7,8.8,1.1,60,8.2,11.4,4.7,55,8.8,12.0,6.0,57
2021-12-20,1021547.0,10.4,13.8,8.3,75,7.1,10.9,4.8,71,9.3,14.3,5.3,66,10.2,15.4,6.4,67
2021-12-21,1021543.0,9.5,16.3,4.5,73,8.3,16.7,1.9,75,10.4,18.6,3.4,73,10.3,18.7,3.1,75
2021-12-22,972073.0,13.4,21.6,6.4,74,11.4,18.9,5.4,74,14.4,22.6,8.7,75,14.0,23.1,7.3,75
2021-12-23,939148.0,17.6,23.5,12.3,76,17.1,23.4,11.6,76,17.1,22.6,11.9,83,16.3,22.5,10.5,85
2021-12-24,929715.0,20.7,25.8,16.5,77,20.4,26.1,16.4,74,19.8,25.6,15.7,80,19.2,25.3,15.1,83
2021-12-25,894630.0,22.2,26.5,18.8,78,21.4,27.7,17.5,73,20.3,25.2,17.0,84,20.0,25.2,16.8,85
2021-12-26,909315.0,22.6,26.6,19.6,81,19.7,24.9,16.0,82,19.7,24.5,16.7,88,19.4,24.5,15.4,88
2021-12-27,958612.0,22.9,26.4,20.1,79,21.0,25.0,18.3,77,20.8,25.8,17.8,82,20.2,25.8,16.5,85
2021-12-28,976188.0,23.5,26.8,21.4,80,21.2,26.9,15.9,59,21.0,23.8,16.9,84,20.2,23.1,16.9,86
2021-12-29,976062.0,24.0,27.5,21.0,83,18.0,23.3,14.5,81,21.2,27.4,15.7,79,20.5,27.0,15.9,84
2021-12-30,963261.0,22.0,27.3,17.4,89,15.7,23.4,8.7,56,19.0,26.6,11.6,68,20.0,27.3,13.6,73
2021-12-31,969807.0,24.3,27.4,22.3,83,18.3,21.9,14.9,83,21.6,26.9,18.0,83,21.7,27.5,17.8,83
2022-01-01,976857.0,24.6,28.4,21.2,80,15.1,21.8,-0.3,79,22.3,25.3,15.5,77,22.5,26.8,17.3,79
2022-01-02,1157073.0,6.4,20.8,1.7,61,-2.0,3.6,-7.0,60,3.1,9.6,-3.3,52,5.4,15.9,-1.5,48
2022-01-03,1173505.0,4.2,11.2,-1.8,54,3.4,12.3,-4.4,58,4.3,13.4,-3.8,52,4.3,13.4,-4.1,50
2022-01-04,1081949.0,9.9,18.4,2.4,67,8.6,16.7,0.8,43,9.6,18.9,1.7,51,9.6,19.0,1.8,55
2022-01-05,995700.0,16.0,24.9,7.9,80,9.6,16.4,2.8,65,12.8,22.6,5.2,59,13.4,23.6,4.1,60
2022-01-06,1092671.0,16.4,21.0,9.4,75,2.7,7.4,-1.2,56,8.1,13.1,3.2,58,10.7,18.8,5.2,54
2022-01-07,1202417.0,7.5,10.5,3.7,74,1.8,9.5,-5.3,63,2.7,6.5,-1.5,63,3.9,6.7,0.2,59
2022-01-08,1002589.0,18.1,23.2,11.2,88,11.5,17.7,8.0,88,12.4,17.0,6.2,94,11.1,15.1,5.3,96
2022-01-09,962709.0,20.7,23.7,14.7,83,11.7,17.7,7.0,75,13.8,17.3,10.2,74,14.0,19.2,10.5,71
2022-01-10,1078941.0,12.0,15.5,8.2,50,5.8,12.7,0.3,48,9.6,14.4,5.3,41,10.5,15.4,6.8,42
2022-01-11,1114342.0,9.1,13.8,3.9,47,6.5,14.5,-1.6,53,7.1,10.0,3.6,53,8.3,11.2,5.3,47
2022-01-12,1031971.0,11.8,15.9,9.6,64,9.3,17.2,2.8,56,10.5,17.2,6.2,63,9.9,17.1,5.5,61
2022-01-13,1000292.0,12.5,21.9,5.8,71,11.8,23.2,2.7,51,12.7,24.2,3.3,51,12.1,24.4,3.6,50
2022-01-14,978542.0,14.0,24.1,5.6,71,14.1,23.6,4.2,47,14.6,25.0,5.4,48,14.1,25.0,4.9,46
2022-01-15,1106474.0,10.3,14.9,3.7,56,4.0,16.9,-0.1,52,9.9,15.8,5.4,39,11.5,15.8,6.9,36
2022-01-16,1108782.0,5.8,13.3,0.6,55,3.8,11.4,-2.0,57,7.5,17.1,0.6,41,8.6,18.1,0.6,32
2022-01-17,1073708.0,9.1,18.9,1.2,61,7.8,17.7,-0.5,53,9.2,19.9,0.1,44,10.1,21.4,0.4,35
2022-01-18,996364.0,14.4,22.0,6.6,73,14.2,22.9,7.0,52,14.8,23.7,7.1,61,14.1,23.4,5.5,64
2022-01-19,981532.0,19.6,25.6,15.5,80,13.2,17.7,4.0,66,18.4,24.5,12.9,75,18.5,23.9,14.3,76
2022-01-20,1317106.0,7.9,17.6,3.6,70,-0.3,3.2,-2.8,43,2.7,9.8,0.9,46,4.1,13.5,1.5,45
2022-01-21,1309038.0,4.8,9.1,2.5,47,-0.0,6.7,-6.1,42,3.2,9.9,-2.2,35,4.5,10.7,0.1,31
2022-01-22,1201495.0,4.9,12.2,-1.0,51,2.7,10.2,-4.6,45,4.5,12.6,-2.6,44,6.0,12.3,-0.6,42
2022-01-23,1055314.0,8.4,14.9,2.9,51,7.8,18.5,-1.4,49,10.2,14.6,6.1,41,10.7,13.6,8.3,41
2022-01-24,1058841.0,9.9,10.8,9.3,79,10.1,13.3,6.8,69,10.1,12.2,7.2,84,10.2,12.2,6.9,81
2022-01-25,1050385.0,11.7,14.8,9.2,83,9.3,14.7,5.0,69,9.7,12.8,7.3,88,10.3,14.7,6.9,82
2022-01-26,1119864.0,8.9,13.5,4.8,67,5.0,9.8,-0.4,41,8.4,12.2,5.0,68,10.3,12.5,8.5,73
2022-01-27,1068744.0,10.5,16.8,5.5,59,6.7,10.6,3.4,53,11.0,16.8,5.7,62,11.3,15.3,6.7,69
2022-01-28,1095907.0,10.6,14.3,7.0,46,6.6,13.5,0.3,55,10.0,14.8,5.3,46,10.4,15.0,5.0,56
2022-01-29,1059305.0,8.1,16.5,0.7,57,8.8,19.9,-1.4,43,9.2,19.2,0.3,44,8.7,18.3,0.5,47
2022-01-30,978945.0,11.1,20.3,2.5,66,12.3,21.5,3.8,30,11.7,20.9,2.8,47,11.2,20.3,1.2,56
2022-01-31,968620.0,14.7,18.3,10.7,81,13.5,19.4,8.2,66,13.0,15.0,10.5,92,14.0,16.0,11.9,93
2022-02-01,941636.0,16.3,18.9,14.4,85,16.0,21.4,12.8,76,15.5,19.8,12.1,85,15.7,20.5,12.5,82
2022-02-02,1060153.0,16.8,21.9,12.0,91,8.1,15.1,0.4,85,11.1,14.3,4.6,92,12.2,17.3,5.4,92
2022-02-03,1443580.0,5.1,17.2,-0.8,90,-3.4,0.1,-5.3,81,-1.0,3.5,-4.4,83,0.3,4.2,-2.6,82
2022-02-04,1500639.0,-0.1,2.9,-2.8,73,-2.7,1.8,-5.8,73,-1.8,3.5,-6.0,71,-0.1,6.2,-5.0,63
2022-02-05,1295190.0,3.3,10.2,-3.0,62,0.8,8.7,-6.5,63,1.9,9.7,-5.3,58,2.7,10.1,-4.6,56
2022-02-06,1153729.0,6.5,14.2,-2.1,69,4.9,13.1,-1.9,53,5.5,14.1,-3.5,60,6.0,14.9,-2.5,62
2022-02-07,1092827.0,11.0,17.4,6.7,57,6.8,14.4,0.5,57,8.1,16.3,2.7,61,9.6,17.0,4.9,58
2022-02-08,1085501.0,9.5,17.6,1.7,50,9.4,19.4,0.9,46,8.8,18.9,-0.9,57,8.8,19.0,-1.2,56
2022-02-09,1028133.0,11.0,21.3,1.8,62,11.1,21.0,1.2,45,11.8,22.1,3.4,50,11.5,22.3,2.0,51
2022-02-10,995683.0,11.8,21.4,2.9,65,11.6,21.7,2.4,42,12.8,22.6,4.1,52,12.6,21.9,4.1,51
2022-02-11,970591.0,13.3,22.7,4.2,72,15.4,24.7,7.9,43,15.0,23.8,6.4,56,14.6,24.6,5.1,58
2022-02-12,1026156.0,10.2,14.7,4.4,83,7.2,14.5,1.3,42,11.0,14.6,3.6,59,12.1,14.6,4.8,60
2022-02-13,1083685.0,6.7,15.0,-1.1,45,7.2,17.7,-2.8,43,7.9,18.4,-1.8,42,8.2,18.0,-1.2,36
2022-02-14,1034900.0,9.8,19.5,0.8,62,11.5,22.0,1.7,41,11.3,20.3,2.4,39,10.7,20.7,1.1,38
2022-02-15,982866.0,14.3,21.6,6.7,75,14.5,21.9,6.5,54,14.4,23.2,5.4,66,14.3,23.7,5.1,68
2022-02-16,940895.0,19.8,24.4,16.7,81,18.5,20.3,16.4,79,19.3,24.3,15.9,80,19.7,26.8,15.3,76
2022-02-17,1022371.0,19.8,26.2,7.4,74,9.8,19.3,0.9,77,15.9,21.2,4.2,61,17.4,24.2,6.2,57
2022-02-18,1138783.0,7.6,13.7,2.6,58,3.5,11.8,-3.1,55,6.4,14.6,0.5,51,8.0,16.3,1.7,47
2022-02-19,1025779.0,10.2,18.1,3.7,55,8.3,17.9,-1.0,48,8.6,17.9,-0.4,50,9.7,18.3,1.8,46
2022-02-20,947708.0,13.5,19.2,7.1,74,12.5,18.8,5.4,46,13.2,21.2,4.9,57,13.6,22.5,5.0,61
2022-02-21,968050.0,22.3,27.0,17.1,82,20.3,27.9,14.2,75,21.8,28.8,15.7,77,22.3,29.8,15.9,75
2022-02-22,1004376.0,22.9,26.0,20.9,83,14.8,22.9,3.7,68,20.9,27.7,12.6,66,22.2,29.1,17.3,69
2022-02-23,1280007.0,12.4,20.9,4.7,89,-2.5,2.8,-4.2,75,2.4,11.4,-1.7,63,5.6,16.0,0.1,64
2022-02-24,1391977.0,5.6,9.5,3.8,93,-2.7,-0.4,-4.3,90,-0.4,2.2,-2.4,87,1.7,4.6,-0.5,91
2022-02-25,1378072.0,5.4,7.2,3.9,85,0.1,4.2,-4.3,65,1.0,3.6,-1.1,68,2.8,5.3,1.1,63
2022-02-26,1273240.0,5.6,6.3,4.9,90,3.0,4.2,1.8,77,3.5,4.9,1.9,85,3.6,5.4,2.2,88
2022-02-27,1123862.0,8.6,15.3,4.7,75,6.3,13.5,0.1,60,8.0,16.0,2.9,59,8.6,17.0,3.7,62
2022-02-28,1094499.0,9.8,17.9,1.4,54,8.6,18.6,-1.7,48,8.5,18.9,-1.8,47,9.2,19.0,-0.9,44
2022-03-01,1006577.0,11.4,21.0,2.1,59,13.4,23.1,2.9,34,12.2,22.5,1.3,39,11.8,21.7,1.4,41
2022-03-02,955489.0,13.1,21.8,4.3,64,16.0,25.0,6.8,34,15.0,23.2,5.3,48,14.4,23.1,5.0,58
2022-03-03,939913.0,16.5,23.2,10.2,76,17.1,26.0,6.9,42,17.7,25.6,9.4,62,17.9,25.5,10.1,68
2022-03-04,942264.0,18.2,24.5,13.1,82,18.2,23.3,12.7,70,19.9,25.4,15.3,76,21.0,26.7,17.1,74
2022-03-05,934090.0,22.1,25.7,18.2,81,21.5,25.5,18.5,68,22.3,27.9,18.5,72,21.9,28.4,17.7,73
2022-03-06,947500.0,23.3,26.8,21.0,83,20.8,25.1,11.2,76,23.1,27.0,20.9,76,23.0,28.6,20.3,78
2022-03-07,1028314.0,15.6,22.1,11.7,70,6.4,10.7,3.4,63,10.5,20.6,6.7,63,12.1,20.8,9.0,58
2022-03-08,1118149.0,8.9,11.6,7.4,79,4.3,8.2,1.4,69,7.5,10.6,5.6,64,9.3,13.7,7.0,57
2022-03-09,1080152.0,10.2,15.0,6.2,70,6.8,15.0,-1.2,58,8.7,16.3,2.2,59,10.4,17.7,4.4,52
2022-03-10,1010717.0,12.5,21.1,5.2,72,11.0,19.4,3.7,58,12.7,22.6,1.8,60,13.4,23.2,2.9,63
2022-03-11,1150574.0,12.5,17.4,4.1,75,3.4,9.2,1.3,64,8.7,16.9,4.1,67,10.1,16.7,5.1,68
2022-03-12,1132603.0,6.9,13.3,0.3,47,5.0,13.1,-4.0,44,6.2,14.0,-2.5,36,6.2,13.7,-2.6,36
2022-03-13,983216.0,9.7,17.0,0.5,64,11.0,18.5,2.9,32,10.2,19.2,-0.3,43,10.1,20.0,-1.7,47
2022-03-14,973608.0,18.0,23.3,12.9,79,15.5,23.8,9.7,68,18.1,27.7,9.5,65,18.2,28.0,9.6,62
2022-03-15,929648.0,17.8,22.6,11.8,64,14.7,20.6,9.4,57,18.1,24.9,11.4,36,19.1,26.4,11.6,30
2022-03-16,947647.0,16.4,24.6,8.2,69,16.6,25.8,6.4,59,18.0,28.1,6.2,48,18.4,28.6,8.1,41
2022-03-17,941863.0,17.7,23.3,11.5,85,18.3,23.4,12.6,67,18.5,23.8,12.1,76,19.0,26.2,12.0,67
2022-03-18,927671.0,19.0,21.8,13.7,61,13.9,18.7,9.3,49,17.0,22.8,11.0,39,17.9,24.1,11.6,36
2022-03-19,908855.0,15.0,23.2,6.1,54,14.5,24.1,4.1,40,16.6,26.1,7.4,32,16.8,26.4,5.9,33
2022-03-20,895478.0,15.2,22.3,6.2,64,18.7,26.7,10.1,31,17.7,26.7,6.9,41,17.1,26.7,6.4,48
2022-03-21,965943.0,21.1,24.2,17.1,86,17.7,21.7,15.7,73,20.9,26.2,17.2,84,22.5,30.8,17.8,70
2022-03-22,971615.0,19.1,22.7,12.3,71,11.3,15.4,9.3,70,15.8,19.5,11.6,59,17.5,20.9,12.9,37
2022-03-23,968166.0,14.0,20.3,7.4,44,11.9,17.4,7.9,41,14.2,21.6,7.6,31,14.9,21.8,7.5,29
2022-03-24,962598.0,14.5,20.6,8.7,46,11.6,19.8,3.1,44,14.9,24.4,6.7,26,16.4,26.5,7.2,23
2022-03-25,968527.0,16.8,27.5,6.6,52,16.2,27.3,5.0,36,18.4,30.1,5.6,28,19.3,31.4,6.2,26
2022-03-26,930681.0,19.2,28.5,10.5,69,19.5,29.6,9.9,36,22.4,33.2,11.4,29,21.9,33.0,9.9,33
2022-03-27,951879.0,20.9,28.2,14.8,73,22.7,33.2,13.3,35,22.6,31.3,14.1,34,21.7,30.8,12.1,38
2022-03-28,1012759.0,21.3,27.3,15.6,73,22.4,29.6,14.7,52,22.0,30.4,14.8,64,22.1,30.7,14.4,65
2022-03-29,1036472.0,23.2,26.4,20.4,78,23.1,26.9,19.6,62,23.4,27.5,20.6,70,23.5,29.3,19.5,71
2022-03-30,991166.0,22.8,27.1,17.7,62,17.0,23.2,10.1,66,21.5,26.4,14.6,53,23.1,28.6,17.6,48
2022-03-31,936886.0,17.0,24.0,8.8,47,13.4,20.4,6.7,55,16.9,24.8,8.2,42,18.6,27.4,8.6,40
2022-04-01,948280.0,17.8,24.5,11.0,55,15.7,23.8,7.1,46,19.1,28.1,8.8,44,20.4,29.0,11.6,44
2022-04-02,938932.0,21.0,28.7,15.1,71,18.5,24.9,11.1,59,22.4,30.3,15.5,49,23.8,32.4,16.7,52
2022-04-03,971337.0,20.6,26.8,15.5,71,21.3,29.1,13.3,53,21.6,30.1,12.5,57,23.0,30.7,15.9,56
2022-04-04,1000015.0,21.3,25.1,17.8,87,20.9,24.9,15.1,63,22.3,27.8,19.0,80,23.6,27.7,19.9,74
2022-04-05,1109597.0,25.0,30.9,21.8,82,23.7,33.6,15.3,67,27.7,35.3,21.8,59,26.9,34.5,21.5,64
2022-04-06,1016129.0,24.2,28.3,19.9,65,19.7,25.8,14.2,36,22.4,26.3,18.3,39,22.6,27.6,17.4,46
2022-04-07,920991.0,18.5,24.0,11.1,29,15.7,20.9,9.4,29,18.6,25.2,11.8,19,19.4,26.1,12.4,18
2022-04-08,914586.0,16.9,24.6,9.5,29,14.4,20.0,8.8,30,17.9,26.5,9.5,21,18.0,27.0,6.3,24
2022-04-09,940076.0,18.3,28.6,6.9,51,18.1,30.0,5.0,37,20.0,31.0,7.5,31,20.3,30.8,7.9,38
2022-04-10,974199.0,21.8,26.4,17.5,70,22.3,28.6,16.5,54,22.8,30.3,17.0,61,24.0,32.3,17.0,58
2022-04-11,1090706.0,23.6,26.7,20.8,78,25.0,30.0,21.2,65,24.4,29.6,21.1,73,24.4,29.6,20.6,73
2022-04-12,1115313.0,24.1,26.2,22.2,82,23.3,27.9,19.6,76,25.8,31.7,22.6,74,26.6,34.2,22.3,71
2022-04-13,1102907.0,24.6,27.5,20.9,84,22.6,25.6,16.1,59,26.9,33.6,21.1,54,27.6,34.8,22.5,55
2022-04-14,992239.0,20.8,27.0,14.2,54,17.1,24.3,9.2,43,21.4,29.4,12.4,35,22.5,29.6,14.2,36
2022-04-15,1018580.0,22.8,26.7,18.1,86,20.4,26.3,13.9,66,22.3,28.2,17.0,68,22.6,27.7,17.9,70
2022-04-16,1041984.0,25.1,27.7,22.9,83,22.4,26.8,15.7,77,25.5,30.4,22.4,75,25.3,29.5,21.8,77
2022-04-17,1004753.0,25.3,29.2,21.7,80,17.9,24.7,14.3,65,25.4,32.4,21.4,76,25.7,31.3,21.5,76
2022-04-18,1009902.0,22.0,25.7,17.8,66,16.8,23.2,11.3,61,21.1,26.4,16.0,67,23.8,28.8,20.1,61
2022-04-19,969539.0,18.9,23.2,12.9,65,18.0,22.6,11.4,55,19.2,24.1,13.6,66,19.0,21.2,15.5,79
2022-04-20,1088428.0,23.8,27.2,20.5,76,24.2,31.2,18.9,67,24.7,28.7,21.1,74,23.9,27.6,20.6,82
2022-04-21,1142581.0,24.8,28.0,22.2,78,25.4,29.5,22.3,71,25.3,28.0,23.2,76,24.4,27.0,22.5,82
2022-04-22,1139419.0,24.3,27.8,21.9,76,25.2,29.5,21.7,66,26.0,31.7,22.4,68,25.5,30.8,22.4,73
2022-04-23,1073882.0,24.1,28.3,21.3,73,24.7,28.6,20.9,60,25.3,29.9,22.2,68,25.1,29.6,21.7,73
2022-04-24,1059765.0,24.8,29.1,20.9,78,23.4,28.3,20.0,71,25.5,30.9,21.8,69,25.3,31.4,21.6,73
2022-04-25,1012490.0,23.3,29.1,18.0,84,17.3,19.7,14.6,70,20.0,23.6,16.7,92,20.9,23.9,16.6,89
2022-04-26,951744.0,20.8,25.0,17.4,75,17.4,23.5,10.2,51,18.5,24.3,14.0,74,18.9,23.3,15.4,75
2022-04-27,1006607.0,20.9,26.8,14.7,61,19.1,25.6,11.8,60,21.5,26.2,17.1,71,22.1,26.2,16.6,74
2022-04-28,1077936.0,22.3,28.1,17.3,77,22.6,27.7,17.6,66,24.4,29.8,19.5,70,24.6,29.7,20.4,73
2022-04-29,1125435.0,23.7,28.4,19.3,75,24.2,27.6,20.7,71,25.3,29.6,22.1,72,25.5,30.6,21.9,73
2022-04-30,1107751.0,25.6,30.0,21.8,78,24.6,28.7,19.7,56,25.8,29.7,22.9,76,24.9,30.8,22.9,81
2022-05-01,1094272.0,25.5,29.5,21.8,80,22.8,29.9,13.7,49,25.5,30.5,20.8,77,26.4,31.8,21.1,71
2022-05-02,1184539.0,25.8,29.5,22.9,76,25.3,29.9,20.3,71,26.0,29.7,22.4,74,25.7,28.1,22.2,77
2022-05-03,1126969.0,26.4,29.9,23.6,77,18.5,26.0,14.9,77,26.2,30.7,23.5,76,26.4,31.1,23.6,77
2022-05-04,1171277.0,26.4,30.2,23.7,78,24.1,31.0,17.0,73,26.6,31.6,22.1,73,26.4,30.5,23.0,75
2022-05-05,1157559.0,26.2,30.4,21.6,79,22.7,26.3,17.7,76,25.2,29.3,20.5,82,26.1,30.6,23.7,81
2022-05-06,1167189.0,25.3,32.2,18.6,78,21.5,28.9,13.1,68,25.1,33.6,16.8,72,27.1,35.7,18.1,69
2022-05-07,1243538.0,27.3,32.7,22.8,79,25.6,31.3,20.2,73,29.0,35.0,23.3,71,29.8,37.6,23.2,68
2022-05-08,1302927.0,28.0,32.7,24.6,75,28.7,33.5,24.0,67,29.1,35.9,24.0,68,29.6,37.0,23.8,68
2022-05-09,1378882.0,28.0,32.2,25.1,77,28.8,32.9,24.7,67,29.3,35.0,24.7,69,29.5,36.0,24.9,69
2022-05-10,1354559.0,27.2,31.1,23.9,76,28.5,32.8,24.9,68,29.1,34.0,25.4,68,28.9,34.1,25.3,71
2022-05-11,1313412.0,26.1,30.2,22.4,77,27.5,32.0,22.2,65,28.0,33.8,22.6,66,27.9,34.2,22.8,67
2022-05-12,1288070.0,25.4,31.3,20.3,73,27.2,32.8,21.3,65,27.3,34.3,20.5,65,27.2,34.8,20.9,65
2022-05-13,1264594.0,25.4,31.6,19.0,74,27.3,33.0,20.4,57,26.7,33.3,20.2,63,26.5,33.4,20.2,65
2022-05-14,1253333.0,26.1,31.8,21.0,72,28.0,34.3,21.6,58,27.8,35.0,21.4,61,27.5,35.3,21.0,63
2022-05-15,1276911.0,26.4,32.3,20.5,71,28.6,35.1,22.2,62,28.6,35.5,21.2,59,28.4,35.7,20.8,61
2022-05-16,1318250.0,27.3,33.1,22.3,71,27.2,32.6,20.4,58,28.8,35.8,22.3,58,28.7,35.8,22.1,60
2022-05-17,1342650.0,26.8,32.5,21.1,74,28.8,34.5,23.7,55,28.7,36.6,21.4,58,28.5,36.5,21.1,62
2022-05-18,1349152.0,27.7,33.5,23.3,71,28.8,34.8,22.8,54,29.1,36.7,22.6,59,29.1,37.1,22.1,59
2022-05-19,1362634.0,27.6,32.1,24.1,71,28.7,34.1,22.5,56,28.5,36.0,22.5,62,28.4,36.0,22.3,64
2022-05-20,1381543.0,28.3,32.3,25.0,73,29.0,34.7,24.0,60,29.0,34.4,24.2,67,29.0,34.3,24.7,70
2022-05-21,1319905.0,29.0,32.6,26.1,77,26.9,33.9,18.1,65,29.2,37.5,23.4,67,29.2,36.3,23.9,69
2022-05-22,1056561.0,24.6,28.3,21.6,79,18.3,21.8,16.1,67,23.2,28.3,17.6,66,24.5,29.6,18.8,65
2022-05-23,1109900.0,23.4,28.4,20.0,80,20.5,25.3,17.2,80,24.1,29.0,18.9,71,24.6,29.5,20.3,71
2022-05-24,1096341.0,23.9,27.2,22.2,84,21.5,24.5,18.8,83,24.6,29.7,21.6,77,25.1,30.5,21.1,76
2022-05-25,1036324.0,23.4,28.7,17.8,74,19.1,22.5,16.9,72,21.5,29.0,15.4,66,22.5,29.8,16.7,65
2022-05-26,1133690.0,25.1,33.1,16.1,61,22.6,31.1,13.3,52,25.5,34.8,16.3,55,25.8,34.9,15.8,58
2022-05-27,1243367.0,27.3,33.8,21.3,68,24.3,32.0,14.7,54,28.0,35.1,21.1,62,28.9,36.3,21.5,61
2022-05-28,1263925.0,26.4,32.7,19.1,71,27.1,33.8,19.7,50,28.5,34.2,22.8,65,30.1,37.2,23.5,60
2022-05-29,1288222.0,27.4,31.7,23.2,75,28.7,33.9,22.6,57,28.4,34.2,23.4,67,29.5,37.0,23.4,63
2022-05-30,1320637.0,27.9,30.8,25.2,76,28.9,34.3,24.0,58,28.7,33.5,24.8,66,29.5,36.1,25.0,62
2022-05-31,1400424.0,28.2,31.4,25.3,76,29.6,34.3,25.1,61,29.3,34.3,25.0,68,29.7,35.7,25.2,65
2022-06-01,1353265.0,27.9,31.0,24.9,77,27.8,31.5,24.5,71,28.4,32.7,25.1,74,29.1,34.2,25.2,69
2022-06-02,1254149.0,27.7,32.5,22.4,73,23.9,28.2,19.5,78,27.5,32.9,22.8,68,28.1,34.2,23.2,67
2022-06-03,1218681.0,26.4,31.1,22.0,70,23.9,27.3,21.1,77,27.4,32.6,21.8,61,28.2,33.7,22.9,64
2022-06-04,1200721.0,26.0,31.3,22.1,77,25.1,29.8,20.5,75,27.6,34.0,21.4,64,28.5,36.0,21.2,60
2022-06-05,1286134.0,26.9,32.4,21.5,77,27.0,32.2,22.4,69,29.4,36.4,22.1,62,29.9,37.5,22.4,59
2022-06-06,1403209.0,27.8,32.0,24.5,75,29.3,34.4,24.3,63,30.3,37.7,24.4,63,30.7,39.5,23.7,61
2022-06-07,1421546.0,28.5,32.6,24.7,73,29.2,33.7,24.6,66,30.6,37.7,24.7,61,30.4,38.4,24.0,62
2022-06-08,1389961.0,28.9,33.4,25.1,76,27.9,31.2,24.3,68,30.3,36.5,24.9,60,30.2,36.9,24.4,61
2022-06-09,1393694.0,28.8,33.7,23.8,76,27.6,33.2,22.7,74,30.7,37.0,24.4,60,30.1,36.5,23.8,63
2022-06-10,1428340.0,29.3,34.4,24.6,74,30.1,35.9,25.2,62,31.5,38.3,24.4,57,31.1,38.1,24.0,61
2022-06-11,1453940.0,29.6,34.9,25.3,73,32.2,38.5,26.2,55,32.4,39.0,25.4,53,31.9,38.9,24.7,55
2022-06-12,1463095.0,30.0,35.5,26.1,72,32.7,38.4,26.4,52,32.3,39.2,25.6,56,32.0,39.7,25.0,58
2022-06-13,1489917.0,29.9,35.2,25.7,71,32.0,37.2,25.9,52,31.3,37.9,25.5,58,30.8,37.5,25.1,61
2022-06-14,1460143.0,29.5,33.8,26.0,73,31.2,36.1,25.7,53,30.5,36.5,25.9,61,30.3,36.2,25.3,62
2022-06-15,1451659.0,29.7,34.0,26.1,72,30.8,35.2,26.7,57,30.8,35.6,26.7,61,30.4,35.2,26.6,63
2022-06-16,1467152.0,29.5,35.4,24.9,73,31.4,36.6,26.3,51,31.2,37.7,24.8,55,30.8,37.6,24.4,57
2022-06-17,1444845.0,28.9,33.4,24.7,72,30.7,36.5,23.9,53,31.0,37.1,23.8,52,29.8,36.0,22.4,58
2022-06-18,1397658.0,29.5,35.2,23.8,69,30.4,36.1,24.6,63,31.1,37.4,24.0,49,29.9,36.4,22.3,56
2022-06-19,1409802.0,30.2,36.3,23.9,64,30.8,36.3,25.5,59,31.7,37.8,24.4,51,30.4,36.6,23.5,59
2022-06-20,1475567.0,30.3,36.3,24.2,64,31.4,37.3,24.7,52,31.7,37.9,23.6,50,30.6,37.0,22.5,56
2022-06-21,1490561.0,29.8,34.9,25.3,72,32.4,37.4,26.7,47,32.0,37.6,25.6,51,31.0,37.6,24.1,57
2022-06-22,1469580.0,29.5,34.6,24.8,72,31.5,36.6,25.1,52,31.3,36.9,24.7,55,30.5,36.5,24.3,59
2022-06-23,1494123.0,30.1,36.1,24.1,64,32.4,37.8,25.8,49,32.5,38.5,25.3,45,31.3,37.6,23.9,49
2022-06-24,1503689.0,29.8,36.1,24.1,67,33.1,38.7,26.6,44,32.2,38.5,24.2,46,31.3,38.1,22.9,51
2022-06-25,1449488.0,29.5,36.0,22.8,67,33.0,38.0,27.1,40,31.4,37.8,24.1,50,30.8,37.4,23.4,53
2022-06-26,1430329.0,29.8,36.9,23.2,65,32.3,38.4,25.9,41,31.4,38.0,23.7,50,30.5,37.2,23.4,56
2022-06-27,1388956.0,28.9,34.7,24.8,67,29.0,34.0,23.9,57,30.6,37.0,25.8,50,29.7,36.6,23.3,57
2022-06-28,1309774.0,28.6,33.5,24.2,67,28.5,32.9,24.0,45,27.9,31.6,23.9,64,26.1,32.0,22.6,77
2022-06-29,1328644.0,28.1,33.9,24.2,74,28.8,34.4,22.3,41,29.5,36.4,21.9,40,28.2,35.0,20.8,63
2022-06-30,1360032.0,25.4,27.1,23.6,86,30.3,36.5,23.1,46,30.2,36.4,23.5,59,29.7,35.6,22.6,63
2022-07-01,1383447.0,25.8,29.8,23.3,88,30.1,35.7,23.7,57,30.4,36.8,24.0,61,30.4,36.7,23.9,63
2022-07-02,1397502.0,28.6,32.5,24.7,79,30.5,36.3,25.0,61,31.4,38.2,25.7,60,31.1,37.6,25.5,61
2022-07-03,1406643.0,29.4,34.0,24.6,75,32.0,37.4,26.8,54,31.0,36.9,25.4,60,30.1,36.1,24.5,64
2022-07-04,1427102.0,29.5,34.1,25.4,76,32.6,37.7,26.8,45,30.8,37.4,24.5,61,30.3,37.1,23.6,62
2022-07-05,1495568.0,29.5,34.2,25.1,75,33.0,38.2,26.9,44,31.3,37.3,25.3,60,30.9,37.3,24.6,60
2022-07-06,1503736.0,28.9,31.9,25.1,77,33.5,39.2,27.1,42,31.5,38.2,24.9,58,31.1,37.8,24.5,60
2022-07-07,1512275.0,29.4,34.0,24.8,74,33.5,39.0,27.4,45,31.8,37.7,25.2,55,31.2,37.9,24.7,58
2022-07-08,1530933.0,30.1,35.5,24.6,71,34.1,40.0,28.2,44,32.5,38.7,25.6,54,31.8,38.2,25.3,58
2022-07-09,1510282.0,30.9,36.9,25.6,68,34.6,40.5,28.4,41,33.1,39.7,25.7,50,32.3,39.2,24.9,53
2022-07-10,1502378.0,31.8,38.5,26.5,64,32.9,38.4,26.7,48,33.9,40.8,26.5,46,32.6,39.4,25.2,53
2022-07-11,1550400.0,31.3,37.8,26.1,66,33.0,38.5,26.7,50,33.6,40.4,26.9,49,33.5,39.8,25.7,50
2022-07-12,1537349.0,30.6,36.0,26.4,71,33.8,39.6,26.6,43,33.3,39.8,26.2,49,32.6,39.9,26.1,52
2022-07-13,1526044.0,30.4,36.4,25.1,71,34.0,40.5,25.7,41,33.3,39.8,26.3,51,32.5,39.1,25.4,54
2022-07-14,1432363.0,27.8,33.4,24.6,79,31.9,35.2,28.6,51,30.7,36.8,25.7,60,30.7,38.1,24.3,59
2022-07-15,1371268.0,27.3,31.4,23.6,80,31.1,37.0,23.7,51,28.9,35.0,23.6,65,28.9,34.1,23.2,65
2022-07-16,1410002.0,28.9,34.0,23.3,76,31.5,37.0,25.1,54,30.7,37.0,24.3,60,30.6,37.2,24.2,60
2022-07-17,1442068.0,29.5,35.2,24.3,72,33.9,39.7,27.6,42,32.1,38.5,25.5,44,31.5,38.4,23.7,47
2022-07-18,1528242.0,30.0,35.7,25.1,70,35.0,41.4,28.6,36,32.2,38.8,25.2,51,31.5,38.8,24.5,55
2022-07-19,1568441.0,30.5,36.3,25.8,69,35.2,41.6,28.0,39,32.3,39.1,25.5,55,32.0,39.0,25.2,57
2022-07-20,1575723.0,30.6,35.4,26.0,72,34.5,41.2,27.9,45,32.2,39.2,25.6,59,32.0,38.9,25.3,60
2022-07-21,1533850.0,30.3,35.7,25.5,72,33.4,37.5,28.5,49,31.8,38.3,26.5,59,31.3,37.4,26.4,63
2022-07-22,1463403.0,28.2,31.5,25.3,78,32.1,36.4,27.9,49,31.2,37.2,24.9,56,30.7,37.7,24.5,60
2022-07-23,1439262.0,28.9,33.1,24.4,77,31.8,38.0,25.2,52,31.3,37.7,25.3,57,30.7,37.6,24.6,62
2022-07-24,1466884.0,29.6,33.9,24.6,75,33.2,38.6,27.3,45,32.1,38.3,25.8,56,31.6,38.1,25.6,59
2022-07-25,1531595.0,29.5,34.0,24.1,74,33.8,39.1,27.7,41,32.0,38.5,24.9,55,31.2,37.8,24.3,59
2022-07-26,1525864.0,29.4,34.0,24.5,76,33.8,39.3,27.2,39,31.8,38.6,24.0,55,31.2,38.2,23.7,58
2022-07-27,1515069.0,29.1,32.9,24.8,75,33.7,39.2,27.5,44,31.5,38.0,24.8,54,30.9,36.9,24.2,58
2022-07-28,1503827.0,29.0,33.4,25.1,75,33.6,39.1,27.6,46,31.6,37.4,25.4,55,31.1,37.2,24.8,58
2022-07-29,1496698.0,29.3,33.3,24.4,74,32.8,38.4,27.8,49,31.6,39.1,25.4,57,31.3,37.5,25.0,61
2022-07-30,1452235.0,29.1,33.7,24.9,76,32.6,37.4,27.9,50,32.4,39.2,25.3,52,31.7,38.3,24.6,54
2022-07-31,1453110.0,29.7,34.3,24.7,71,33.3,38.7,28.1,44,32.3,38.8,25.7,50,31.4,38.1,25.0,54
2022-08-01,1494711.0,29.5,33.7,24.7,71,32.8,37.3,27.8,45,31.3,37.6,24.7,55,30.9,37.3,24.0,57
2022-08-02,1539217.0,30.6,35.9,25.7,69,33.8,39.1,28.3,43,32.4,38.7,25.5,52,31.8,38.5,25.1,55
2022-08-03,1552831.0,30.5,35.6,26.0,71,33.9,39.7,27.7,42,32.4,39.1,25.9,54,32.1,39.0,25.7,56
2022-08-04,1538230.0,30.3,36.3,26.0,70,33.3,38.6,27.1,45,32.2,39.0,26.1,55,31.7,38.7,25.7,57
2022-08-05,1481872.0,27.4,31.8,25.4,83,33.8,39.3,27.9,41,31.3,38.0,25.2,56,31.0,37.7,24.6,58
2022-08-06,1390769.0,27.2,30.4,24.1,82,31.1,37.2,25.9,58,30.4,34.8,26.3,58,30.1,35.7,25.7,59
2022-08-07,1416359.0,28.7,33.1,24.3,77,32.2,37.9,26.4,50,31.1,37.5,25.4,58,30.4,36.8,24.6,61
2022-08-08,1487219.0,28.7,33.0,23.5,77,33.3,39.0,27.3,45,31.1,38.0,25.4,59,30.1,36.7,24.7,63
2022-08-09,1458100.0,28.9,33.3,24.3,77,31.1,36.9,27.8,55,31.5,38.2,24.9,54,30.5,37.0,23.4,59
2022-08-10,1420972.0,28.0,33.7,24.3,80,29.7,37.1,25.5,62,31.1,39.4,25.2,57,31.3,38.1,24.5,56
2022-08-11,1409292.0,28.0,33.7,23.6,79,30.2,36.5,24.0,59,30.1,38.1,24.7,62,29.9,38.4,24.9,61
2022-08-12,1425951.0,27.9,32.8,23.8,80,31.1,36.4,25.3,55,31.2,37.1,24.6,57,30.0,36.7,24.0,62
2022-08-13,1397041.0,27.9,32.0,24.5,79,32.1,37.5,26.4,48,31.9,38.0,25.4,55,31.2,36.8,24.7,59
2022-08-14,1355935.0,28.2,32.0,24.4,79,31.8,37.4,25.1,49,29.5,34.4,25.4,64,28.4,31.0,25.4,69
2022-08-15,1434433.0,29.0,34.0,23.7,75,32.4,37.7,26.6,44,30.1,36.3,24.4,59,27.2,31.7,22.6,78
2022-08-16,1460287.0,29.1,34.5,23.6,74,33.0,38.2,27.3,44,31.1,37.7,24.8,60,29.4,35.8,24.3,70
2022-08-17,1490450.0,29.8,36.0,24.6,72,33.0,38.9,27.8,45,32.3,39.4,25.7,53,30.3,36.6,23.8,65
2022-08-18,1349087.0,28.5,34.6,24.8,77,27.0,29.9,24.7,73,29.3,36.2,24.3,70,30.3,36.9,24.8,64
2022-08-19,1279205.0,25.4,27.7,24.0,89,28.0,33.3,23.6,69,26.6,30.6,23.8,85,30.0,35.8,25.6,64
2022-08-20,1300120.0,26.9,30.5,23.9,86,28.6,33.1,24.4,68,29.1,34.7,24.9,74,30.9,38.1,25.3,62
2022-08-21,1274645.0,28.1,31.5,24.7,83,27.2,30.3,25.2,80,29.1,32.9,25.4,71,29.6,33.7,25.2,68
2022-08-22,1284840.0,28.9,33.0,26.0,81,24.2,25.6,23.1,92,29.0,33.9,24.6,75,29.9,37.7,25.3,70
2022-08-23,1259238.0,28.0,32.0,24.6,81,25.4,29.2,22.9,84,26.4,29.8,23.6,87,27.5,31.9,23.9,78
2022-08-24,1279127.0,27.2,29.2,25.6,85,27.1,31.3,23.4,73,27.8,32.1,24.6,78,27.8,30.5,25.2,79
2022-08-25,1314511.0,28.0,32.6,24.2,81,28.1,32.9,22.9,67,28.9,33.8,24.4,65,28.4,33.1,24.0,71
2022-08-26,1342311.0,27.9,32.2,24.6,81,28.5,33.6,23.4,70,29.0,33.8,23.3,65,29.4,34.5,24.7,68
2022-08-27,1343309.0,27.6,30.9,24.0,81,29.6,34.8,24.4,68,29.9,35.7,24.5,66,29.6,35.6,24.3,70
2022-08-28,1378963.0,28.2,32.3,24.8,81,30.9,35.8,26.0,61,30.5,37.0,24.8,65,30.0,36.3,24.8,68
2022-08-29,1370200.0,26.6,30.3,25.1,87,29.2,33.1,25.5,69,29.6,35.4,25.6,70,29.6,36.0,25.3,72
2022-08-30,1263090.0,26.4,28.5,24.7,89,26.4,29.4,24.2,83,26.5,29.1,24.7,87,26.6,29.0,24.8,85
2022-08-31,1274858.0,27.2,33.0,24.0,83,27.0,32.0,24.0,80,26.8,32.1,23.7,83,27.6,33.2,24.2,78
2022-09-01,1251644.0,27.7,33.1,24.1,81,25.7,30.4,23.8,84,27.7,32.9,23.4,77,28.4,33.6,24.0,73
2022-09-02,1243081.0,26.8,31.8,22.9,84,25.6,28.2,23.6,84,28.1,32.8,23.3,74,28.9,34.0,24.3,71
2022-09-03,1203413.0,25.5,29.3,23.1,90,27.8,34.0,22.8,74,27.0,29.6,24.6,81,27.4,32.5,24.2,79
2022-09-04,1127771.0,25.1,27.8,22.5,89,26.5,33.0,22.9,75,26.7,32.3,22.7,76,25.9,29.8,23.0,81
2022-09-05,1180687.0,25.8,30.0,22.3,81,26.4,33.1,20.2,71,27.4,33.8,21.6,69,26.7,33.0,21.6,73
2022-09-06,1279697.0,26.3,30.0,21.7,82,28.2,33.7,22.7,66,28.3,34.1,23.1,66,27.6,33.5,22.2,70
2022-09-07,1294429.0,26.1,32.6,21.8,81,28.3,34.2,23.0,65,28.8,34.0,24.0,69,28.1,35.2,23.4,74
2022-09-08,1276459.0,26.4,31.8,21.4,77,27.4,32.1,23.3,66,28.8,33.8,23.4,61,28.7,34.5,22.9,64
2022-09-09,1261631.0,26.2,31.5,21.4,77,26.4,31.9,20.8,58,28.3,33.6,23.2,58,28.2,34.2,22.7,69
2022-09-10,1231541.0,26.6,32.2,21.4,74,25.8,31.7,18.5,57,28.8,34.5,23.2,60,29.0,34.8,23.2,65
2022-09-11,1197276.0,27.6,32.6,22.2,71,24.5,28.5,21.2,65,28.5,33.4,23.4,55,29.1,35.1,23.3,55
2022-09-12,1227707.0,26.6,31.7,21.8,69,23.7,29.4,17.6,53,27.5,33.3,21.3,54,29.0,35.7,21.7,50
2022-09-13,1246856.0,25.9,31.0,20.5,67,25.4,32.2,18.2,54,28.2,33.9,22.3,55,28.6,34.2,22.5,59
2022-09-14,1233169.0,24.9,30.4,18.9,70,25.3,31.9,18.1,49,28.0,33.8,21.7,58,28.2,34.1,22.4,58
2022-09-15,1228391.0,25.8,30.6,21.1,71,25.0,31.5,17.7,51,26.9,33.7,19.3,61,27.2,34.3,19.7,61
2022-09-16,1297236.0,26.5,30.0,23.5,84,27.1,33.0,20.8,57,28.9,34.9,23.1,67,28.8,34.5,23.7,70
2022-09-17,1315569.0,27.2,31.2,23.7,81,28.8,34.0,24.1,69,29.6,35.5,24.8,67,29.1,35.3,24.4,69
2022-09-18,1320956.0,27.2,31.8,23.2,84,29.4,34.8,24.4,59,29.9,36.5,23.7,60,29.6,36.6,23.6,64
2022-09-19,1371182.0,27.3,32.0,23.3,84,29.3,34.8,23.6,60,29.7,35.6,23.3,61,29.2,35.4,23.7,67
2022-09-20,1383309.0,27.6,32.1,23.3,81,29.8,35.7,23.8,56,30.3,36.2,24.6,62,29.4,35.3,23.9,68
2022-09-21,1360446.0,27.1,32.7,21.5,77,30.0,35.7,23.0,51,29.7,35.7,22.7,54,29.0,35.3,22.1,59
2022-09-22,1337059.0,27.9,35.2,21.7,72,29.3,36.4,22.0,47,29.3,37.2,20.9,48,28.8,36.9,20.0,55
2022-09-23,1338604.0,28.0,33.6,22.5,72,28.7,35.7,21.7,49,30.5,37.3,22.7,44,29.7,36.2,22.1,51
2022-09-24,1300126.0,27.0,33.0,21.5,78,29.8,35.4,24.6,47,28.5,34.5,21.5,61,27.2,33.2,21.1,69
2022-09-25,1283635.0,27.3,33.8,21.2,74,29.1,36.3,24.2,52,29.2,35.9,23.1,59,28.5,35.2,22.3,65
2022-09-26,1230822.0,27.4,33.0,23.2,62,24.7,30.2,19.4,36,28.1,34.1,23.3,41,28.5,35.1,22.9,50
2022-09-27,1130864.0,23.6,30.7,15.3,46,23.6,32.0,14.7,41,24.7,33.2,14.9,34,25.4,33.2,16.9,30
2022-09-28,1135776.0,23.1,30.0,15.5,45,24.8,32.5,17.2,36,24.6,32.9,15.6,35,24.3,33.0,15.4,35
2022-09-29,1107700.0,22.2,28.4,16.6,47,22.7,28.4,17.9,41,25.2,33.0,16.5,38,25.4,34.0,16.8,41
2022-09-30,1067756.0,20.4,27.9,12.8,48,20.8,27.5,14.0,41,23.9,31.7,16.1,39,25.0,33.7,16.4,44
2022-10-01,1013452.0,20.2,28.2,11.6,56,20.3,28.1,11.5,43,22.5,31.3,13.1,38,23.8,32.3,14.7,44
2022-10-02,1004048.0,20.7,28.7,12.5,55,20.8,29.0,12.3,44,22.0,29.7,12.6,42,22.8,29.8,14.3,47
2022-10-03,1061488.0,21.7,30.0,14.4,54,21.5,29.6,12.2,46,22.7,30.9,13.9,38,23.3,30.5,16.3,36
2022-10-04,1078986.0,22.2,28.7,16.5,59,22.4,29.8,14.5,46,23.7,31.7,15.9,40,24.1,31.3,16.9,40
2022-10-05,1101403.0,22.2,30.1,14.2,68,22.9,30.9,14.4,44,23.9,32.3,14.7,44,24.2,31.8,15.9,51
2022-10-06,1122475.0,23.1,31.1,15.8,71,24.0,32.1,15.9,43,24.9,33.1,16.4,45,24.8,32.8,16.0,50
2022-10-07,1090019.0,23.8,29.5,17.0,68,24.4,30.4,18.6,44,24.7,31.0,19.3,48,24.5,29.9,19.8,55
2022-10-08,1040853.0,24.7,31.2,19.4,55,21.5,26.2,18.8,52,24.8,31.9,17.9,44,25.2,32.1,18.8,45
2022-10-09,1032635.0,23.1,30.1,16.8,58,20.9,28.0,14.5,60,24.8,31.8,18.3,46,25.0,31.3,18.5,51
2022-10-10,1106097.0,22.2,29.5,15.8,67,24.3,30.5,17.6,51,24.8,31.5,16.7,59,24.3,30.5,17.7,62
2022-10-11,1123399.0,22.9,29.2,16.5,73,24.2,28.6,18.9,55,24.8,30.3,18.3,61,24.8,30.9,18.4,64
2022-10-12,1235964.0,26.3,32.6,22.0,80,27.0,35.0,20.9,53,27.6,34.7,21.4,62,27.3,34.6,21.1,64
2022-10-13,1141086.0,25.3,30.5,21.6,83,21.9,28.5,15.0,33,26.1,32.6,21.1,42,27.1,34.0,21.7,44
2022-10-14,1108366.0,23.2,29.7,17.0,69,21.8,31.2,12.1,43,24.7,31.0,17.1,41,25.7,31.5,19.8,52
2022-10-15,1180342.0,24.3,31.3,18.0,78,27.1,33.7,21.4,55,27.3,33.7,21.6,65,27.2,33.9,22.3,68
2022-10-16,1118840.0,25.2,30.1,20.7,81,22.0,26.7,19.4,74,26.0,32.0,21.9,73,26.8,32.5,22.3,67
2022-10-17,1003071.0,20.7,22.9,17.0,80,18.2,21.4,13.6,45,19.1,23.2,16.1,73,19.8,23.7,16.9,73
2022-10-18,916495.0,15.3,20.1,11.9,38,12.7,18.0,8.0,39,15.7,21.1,11.9,42,17.0,21.9,13.1,41
2022-10-19,925487.0,12.3,19.6,5.5,42,11.6,18.8,3.9,38,14.2,22.2,6.3,49,15.8,24.1,7.0,48
2022-10-20,967748.0,16.8,27.2,7.0,53,18.6,29.4,9.8,43,19.8,28.9,10.9,45,19.1,27.9,10.1,50
2022-10-21,1025975.0,20.9,28.9,13.6,65,21.2,33.1,9.8,51,22.1,30.3,13.9,48,21.1,30.0,12.2,53
2022-10-22,1053190.0,22.3,28.6,15.5,67,24.2,30.5,17.9,55,23.6,30.6,17.2,65,23.1,30.5,16.5,68
2022-10-23,1098175.0,24.4,29.1,20.3,68,25.3,30.3,20.8,58,24.9,31.4,19.4,68,24.4,31.1,18.9,72
2022-10-24,1116570.0,25.5,28.2,23.5,71,20.8,25.6,17.9,86,24.7,28.9,18.1,83,26.0,31.8,22.1,72
2022-10-25,948129.0,18.6,24.4,12.1,56,15.6,21.3,11.2,55,18.3,24.4,12.1,39,20.0,26.1,14.3,30
2022-10-26,949020.0,15.3,23.6,8.4,58,15.1,22.5,7.8,61,16.6,24.8,9.8,46,17.1,26.1,7.5,45
2022-10-27,965966.0,17.0,24.5,9.0,67,16.5,23.2,10.1,53,18.6,26.4,9.8,59,19.0,26.4,10.9,68
2022-10-28,965549.0,19.0,21.6,15.2,92,14.0,18.0,11.9,82,18.4,21.4,14.6,81,19.6,22.4,15.4,72
2022-10-29,889218.0,16.2,18.9,14.1,81,15.2,17.8,13.5,89,16.6,21.1,13.1,72,16.8,22.4,11.9,67
2022-10-30,901391.0,17.7,23.7,12.9,75,17.1,23.3,12.3,72,17.0,24.9,10.6,70,17.5,25.7,10.2,68
2022-10-31,953701.0,17.7,25.4,10.7,75,17.1,25.0,10.4,66,18.5,25.8,11.4,66,18.9,25.1,12.8,65
2022-11-01,956773.0,17.1,18.4,15.8,92,18.0,24.1,12.8,73,18.7,21.9,14.6,78,18.8,22.0,15.8,81
2022-11-02,991244.0,19.5,23.9,15.3,85,18.4,23.9,13.9,80,19.8,24.4,15.3,81,19.4,23.6,15.7,84
2022-11-03,1078221.0,23.9,28.4,20.5,87,22.4,26.8,19.0,81,24.2,28.3,21.6,80,23.6,27.9,21.2,83
2022-11-04,1107218.0,25.2,28.6,22.4,88,21.2,24.5,11.6,84,25.1,29.7,20.1,76,25.1,30.4,19.8,76
2022-11-05,933150.0,18.1,23.9,13.7,73,12.3,18.6,6.2,69,17.5,23.2,11.5,40,18.4,23.8,13.2,36
2022-11-06,1027956.0,22.5,28.9,14.8,87,19.1,27.2,12.4,68,20.6,29.2,12.7,75,20.5,28.7,12.4,77
2022-11-07,1098724.0,25.0,29.0,20.7,86,21.9,25.1,19.7,94,24.9,28.8,22.3,83,24.5,28.4,22.3,86
2022-11-08,1097108.0,23.3,28.8,19.8,81,22.8,26.5,20.3,86,22.8,26.8,18.8,85,23.3,26.0,20.8,86
2022-11-09,1096458.0,22.6,28.3,18.1,82,22.8,27.6,20.0,79,23.3,27.9,20.3,81,23.5,27.4,20.6,82
2022-11-10,1059138.0,21.8,26.8,18.0,84,21.2,24.0,18.2,82,23.4,27.3,19.8,77,23.3,27.4,20.5,79
2022-11-11,1020481.0,19.8,26.5,9.9,87,11.6,20.6,6.5,80,16.7,22.3,8.2,87,17.9,23.0,9.0,86
2022-11-12,981233.0,9.8,14.6,6.7,66,5.9,11.2,1.9,59,8.4,14.4,4.3,52,9.8,16.0,5.4,50
2022-11-13,1010085.0,8.4,13.9,2.9,61,6.0,12.0,-0.4,57,8.1,14.5,1.5,50,9.0,15.0,3.1,47
2022-11-14,1068255.0,11.7,16.3,9.0,80,6.0,7.2,4.9,77,10.0,11.3,8.8,84,11.5,16.3,9.3,83
2022-11-15,1099424.0,8.8,11.8,6.4,78,5.5,8.0,4.2,78,7.5,10.9,4.2,70,8.8,13.0,4.7,63
2022-11-16,1098692.0,7.9,12.2,5.0,72,6.8,12.5,2.6,69,8.0,12.9,4.9,65,8.9,13.4,6.0,61
2022-11-17,1074540.0,9.8,14.3,5.8,63,7.7,14.9,1.1,62,10.1,15.6,5.5,57,10.0,14.1,6.7,52
2022-11-18,1083933.0,10.9,13.6,7.6,55,6.7,10.0,3.4,67,10.4,12.7,7.0,60,10.5,12.5,9.1,56
2022-11-19,1158581.0,7.9,10.5,6.9,85,3.6,6.2,1.8,58,5.8,10.7,3.8,81,6.6,9.6,4.8,83
2022-11-20,1139814.0,8.6,12.2,5.1,67,4.6,10.7,-2.2,64,6.2,8.4,4.1,62,6.7,8.8,4.9,65
2022-11-21,1151296.0,7.9,9.0,7.0,81,7.9,11.6,5.7,73,6.6,7.6,5.6,87,6.5,7.7,5.5,90
2022-11-22,1079466.0,10.6,15.7,8.0,79,9.7,15.6,5.5,77,9.9,12.3,7.7,86,9.6,11.6,7.5,94
2022-11-23,1011116.0,14.3,22.0,8.0,74,12.3,14.3,10.3,82,14.2,17.3,11.3,84,13.5,16.2,11.0,91
2022-11-24,930676.0,18.8,21.2,16.3,96,13.6,15.2,12.7,95,17.3,19.0,16.2,97,17.6,20.1,15.9,97
2022-11-25,937869.0,16.3,17.9,15.3,92,13.0,14.7,11.6,88,14.4,15.9,13.5,94,14.9,16.8,13.8,93
2022-11-26,947803.0,15.9,18.8,11.2,79,11.7,13.7,9.3,90,12.2,15.0,9.5,78,12.4,16.4,8.9,75
2022-11-27,958298.0,15.1,23.4,9.3,72,11.4,17.4,7.1,76,14.0,22.4,8.2,64,14.1,24.5,6.1,68
2022-11-28,1017827.0,15.2,23.1,7.8,78,11.7,20.2,3.6,74,14.5,23.2,5.3,76,15.2,23.1,7.0,76
2022-11-29,1024882.0,23.6,27.5,18.3,89,20.0,27.5,13.2,74,22.2,28.3,17.4,81,22.0,27.9,17.5,83
2022-11-30,1048717.0,15.3,22.6,9.7,60,6.3,11.0,1.5,50,10.4,16.4,5.7,52,11.7,16.1,7.2,52
2022-12-01,1106797.0,10.2,14.8,5.4,60,7.3,11.9,1.4,58,8.5,12.4,3.8,64,8.5,10.7,5.7,68
2022-12-02,1020572.0,19.1,24.5,12.3,87,14.0,18.8,10.3,83,15.3,19.7,11.3,93,14.7,18.3,10.7,95
2022-12-03,979259.0,22.6,25.6,18.9,85,12.1,17.8,9.0,55,16.3,19.1,13.1,73,17.0,17.9,14.9,79
2022-12-04,970886.0,18.3,21.5,15.8,81,10.9,13.7,8.2,60,12.6,14.0,11.3,68,13.5,14.6,12.3,80
2022-12-05,1018642.0,21.8,27.2,17.7,87,18.2,25.8,11.1,80,19.3,24.5,14.3,87,18.9,23.0,14.8,90
2022-12-06,1018018.0,23.1,27.5,20.2,85,20.8,24.5,18.1,82,21.6,25.5,18.8,88,21.0,25.2,18.1,89
2022-12-07,1025422.0,23.2,28.1,20.2,86,20.0,22.7,18.4,88,22.5,26.3,20.0,82,22.4,26.2,20.2,86
2022-12-08,1043222.0,23.3,27.4,20.9,85,19.7,23.7,17.4,90,23.0,27.2,20.6,82,22.9,26.7,20.9,84
2022-12-09,1026135.0,22.9,27.2,20.3,87,18.6,19.7,17.2,89,22.0,26.0,19.3,82,21.9,25.6,19.2,84
2022-12-10,986940.0,22.1,26.0,18.4,89,18.1,21.3,13.8,94,21.9,25.4,19.7,85,22.0,25.4,19.9,83
2022-12-11,956387.0,20.5,23.0,18.6,89,13.0,15.0,11.1,87,17.9,19.7,15.9,87,19.2,21.2,17.7,87
2022-12-12,1013349.0,19.0,20.7,17.0,90,14.6,17.1,11.9,94,18.1,21.3,15.4,92,19.1,22.9,16.5,89
2022-12-13,1034595.0,23.1,26.0,20.7,87,17.6,19.7,13.6,75,20.9,23.9,16.9,78,21.8,25.6,18.2,77
2022-12-14,993039.0,17.1,22.4,10.9,63,11.5,13.7,6.6,56,15.6,19.3,8.8,45,16.2,20.4,9.1,40
2022-12-15,1054558.0,10.6,17.5,4.7,59,7.4,12.6,3.1,53,9.5,17.3,3.0,61,10.5,18.3,3.3,55
2022-12-16,1103560.0,11.4,19.4,6.8,76,5.3,8.8,2.1,60,8.4,13.0,4.6,70,11.6,20.2,7.3,71
2022-12-17,1082198.0,8.7,13.6,5.5,59,6.1,11.3,1.8,47,8.7,14.0,4.3,46,9.5,14.9,5.9,46
2022-12-18,1118363.0,7.7,12.5,2.0,53,5.9,12.8,-2.2,54,6.8,12.9,-0.4,50,7.4,11.7,2.0,50
2022-12-19,1128570.0,8.9,10.9,7.1,80,7.9,9.0,6.9,66,8.4,10.4,7.1,81,8.7,10.5,7.0,87
2022-12-20,1116254.0,10.8,13.7,8.8,88,8.1,11.9,5.6,76,9.2,11.8,7.1,89,10.3,12.1,8.2,90
2022-12-21,1180743.0,7.9,11.2,5.5,86,4.7,10.1,-0.0,78,6.5,10.3,3.1,86,7.8,10.7,4.9,84
2022-12-22,1389661.0,6.8,15.3,-4.5,84,-1.8,5.9,-10.9,77,3.9,11.9,-6.9,78,6.4,14.3,-5.3,77
2022-12-23,1654628.0,-4.5,-0.2,-8.3,44,-8.1,-4.3,-11.6,43,-5.3,-0.7,-9.2,38,-3.9,0.7,-7.5,36
2022-12-24,1412810.0,-0.9,5.3,-5.6,41,-2.3,2.4,-5.8,38,-1.8,4.0,-6.8,36,-1.2,4.6,-6.0,37
2022-12-25,1233772.0,2.0,9.8,-4.0,49,1.7,10.1,-5.8,45,2.2,10.7,-5.6,44,2.3,10.4,-5.3,42
2022-12-26,1150243.0,5.9,15.2,-0.9,55,5.5,13.3,-0.8,45,6.8,17.4,-1.3,43,6.8,18.0,-2.2,45
2022-12-27,1185582.0,6.2,13.1,1.1,63,2.0,10.0,-5.4,54,6.6,13.9,-1.5,58,7.9,15.1,-0.0,57
2022-12-28,1055200.0,14.0,25.1,3.0,79,12.9,22.0,5.1,60,13.8,23.5,5.6,67,13.1,23.1,4.2,71
2022-12-29,933340.0,21.2,26.7,18.0,85,19.1,23.8,14.9,73,18.6,22.0,15.4,85,17.7,21.9,14.5,81
2022-12-30,936404.0,18.0,21.0,14.0,87,13.1,17.0,8.5,69,14.5,18.2,10.3,66,15.0,21.4,10.9,62
2022-12-31,933165.0,16.6,24.9,11.4,78,15.2,22.1,9.0,64,15.4,24.5,7.3,66,15.0,24.9,7.1,67
2023-01-01,900420.0,20.2,26.3,14.6,88,18.1,24.6,13.1,64,17.7,25.6,11.9,78,17.4,25.7,11.1,80
2023-01-02,971944.0,23.7,25.8,22.1,89,21.3,24.6,17.6,83,22.7,26.7,19.5,84,22.6,27.5,18.9,80
2023-01-03,963696.0,21.9,25.9,15.2,69,16.0,20.0,11.3,42,18.9,24.3,14.9,46,19.2,25.3,14.2,46
2023-01-04,983980.0,15.9,22.9,8.9,54,8.9,14.9,3.2,63,15.3,22.8,9.1,40,15.3,24.5,8.6,41
2023-01-05,1012274.0,14.6,22.8,7.1,65,8.6,16.8,2.2,57,11.7,20.3,5.3,56,14.2,23.4,6.3,41
2023-01-06,1013999.0,16.9,25.5,9.9,76,12.9,21.6,5.5,64,15.8,25.4,7.1,71,16.9,26.3,8.5,70
2023-01-07,936261.0,20.5,26.4,14.5,83,14.5,17.6,10.9,66,19.6,23.1,17.6,80,19.9,23.7,17.5,86
2023-01-08,930347.0,17.1,21.2,12.7,75,10.1,16.6,5.1,56,14.4,20.5,9.6,45,16.0,22.1,11.0,41
2023-01-09,992586.0,13.9,19.9,9.1,78,11.2,20.3,3.5,65,13.7,22.4,6.6,64,14.3,22.3,7.5,62
2023-01-10,983076.0,18.6,25.6,13.3,84,17.3,27.0,9.4,64,18.9,26.7,13.8,76,18.2,26.0,13.5,79
2023-01-11,1004070.0,21.6,26.4,17.4,83,20.5,28.3,13.7,48,20.0,26.1,14.8,77,18.9,27.0,12.8,76
2023-01-12,999261.0,16.9,21.3,11.0,62,12.0,21.1,6.8,43,15.4,19.7,10.7,39,15.5,18.5,10.2,37
2023-01-13,1055390.0,10.4,16.6,5.6,47,7.4,14.4,1.3,53,10.1,17.5,3.2,41,10.4,18.9,2.7,42
2023-01-14,1043387.0,9.6,17.1,2.6,65,8.8,16.7,1.2,53,9.9,18.6,1.2,47,10.2,19.3,1.6,49
2023-01-15,969374.0,16.5,21.9,8.9,77,14.7,21.0,8.8,67,15.7,23.4,9.4,71,15.1,23.5,7.9,72
2023-01-16,970259.0,21.2,24.8,18.9,77,19.5,24.4,16.1,61,19.1,23.9,15.8,77,18.1,23.9,14.7,79
2023-01-17,984653.0,20.9,25.9,17.8,88,17.6,25.1,11.3,51,18.3,26.8,11.0,73,18.4,26.2,11.4,73
2023-01-18,986315.0,20.8,25.0,12.3,84,18.1,22.2,14.2,53,20.4,25.0,14.4,55,20.5,26.0,14.0,58
2023-01-19,979391.0,14.9,21.5,9.5,48,11.1,15.7,6.9,39,13.9,20.2,8.1,33,14.3,21.9,6.5,34
2023-01-20,1026777.0,11.7,12.1,11.1,58,9.9,16.0,4.3,53,11.8,14.2,9.2,52,13.1,16.0,11.1,49
2023-01-21,991681.0,11.1,12.0,9.7,85,10.4,13.6,8.1,66,11.9,16.2,8.8,73,12.9,18.0,9.3,72
2023-01-22,1012859.0,10.8,15.9,6.9,71,7.4,12.2,4.1,57,9.9,16.7,5.6,46,11.4,19.1,6.3,42
2023-01-23,1112877.0,9.0,14.4,2.9,60,6.1,12.5,-0.1,59,8.3,14.9,0.5,54,9.3,15.1,2.9,50
2023-01-24,1130398.0,12.2,17.6,8.8,86,6.1,8.9,2.5,82,9.0,10.9,7.4,83,11.0,16.8,8.1,76
2023-01-25,1173196.0,8.0,11.4,5.2,71,4.7,7.2,2.8,79,7.7,12.4,3.3,65,8.9,15.3,3.3,58
2023-01-26,1155160.0,7.2,14.0,1.6,71,5.6,12.3,0.1,66,7.0,13.5,0.4,63,7.9,13.9,1.8,58
2023-01-27,1138906.0,8.5,14.3,1.5,72,8.0,16.5,0.7,53,8.1,14.8,1.9,64,8.3,14.2,2.7,66
2023-01-28,1001338.0,17.3,20.8,12.6,84,12.5,18.1,7.6,79,13.0,16.1,10.1,93,12.7,15.9,9.8,95
2023-01-29,1026265.0,19.6,21.6,16.2,95,8.2,15.4,0.8,89,16.4,19.2,6.9,89,18.8,24.6,12.4,88
2023-01-30,1348424.0,8.8,14.7,5.3,96,-1.7,0.2,-2.5,87,1.3,6.1,-1.1,88,4.4,10.9,0.4,90
2023-01-31,1478859.0,4.7,6.2,3.5,95,-2.5,-2.0,-2.9,88,-0.9,-0.3,-1.9,93,0.2,0.7,-0.3,95
2023-02-01,1445153.0,4.2,5.5,3.2,96,-1.3,-0.2,-2.1,80,0.1,0.6,-0.5,92,1.0,2.1,0.1,91
2023-02-02,1362955.0,4.8,5.6,4.0,95,1.2,2.5,0.1,89,2.3,4.4,0.5,94,3.9,7.0,1.4,89
2023-02-03,1214356.0,8.4,14.1,4.6,78,4.8,12.2,-0.7,74,6.5,12.1,1.8,80,7.6,13.5,1.9,74
2023-02-04,1097656.0,9.6,17.5,2.6,75,7.5,15.0,1.0,75,9.0,16.7,1.8,80,8.9,16.7,2.3,82
2023-02-05,978203.0,15.1,23.2,7.6,78,12.7,20.9,5.8,73,13.6,23.2,5.0,77,13.8,23.3,5.7,77
2023-02-06,975193.0,17.5,22.9,12.4,79,16.9,23.0,11.7,77,18.1,23.8,13.9,79,18.2,24.9,13.6,80
2023-02-07,999482.0,19.8,23.7,15.5,82,14.9,17.5,9.2,87,19.4,21.6,17.4,90,19.7,21.3,17.7,90
2023-02-08,1070737.0,18.2,25.2,8.6,88,8.1,9.4,5.3,91,10.7,16.1,7.5,86,12.2,18.2,8.2,79
2023-02-09,1071293.0,12.2,21.7,4.5,75,8.8,17.7,1.6,77,12.8,22.7,4.9,65,12.2,21.6,3.8,61
2023-02-10,1110758.0,11.2,15.5,7.6,73,6.8,10.6,3.7,67,10.1,12.2,5.4,54,10.8,13.6,5.8,51
2023-02-11,1121406.0,7.4,11.9,3.1,67,6.3,12.8,2.2,71,7.8,14.4,2.3,49,8.1,16.3,1.1,43
2023-02-12,1055471.0,9.9,18.0,2.5,71,9.7,19.0,0.9,60,9.5,18.3,0.9,59,9.9,17.6,2.1,51
2023-02-13,1034196.0,13.9,22.3,5.4,77,12.6,18.9,5.1,54,13.5,21.6,5.3,69,13.7,21.9,5.6,72
2023-02-14,987206.0,20.8,26.6,16.1,76,16.7,21.9,13.0,58,19.9,26.1,14.5,58,19.9,26.2,14.4,57
2023-02-15,1011091.0,21.4,25.0,17.4,91,17.3,24.8,8.5,61,18.3,26.2,10.3,71,19.2,27.6,12.0,70
2023-02-16,1079342.0,16.1,22.6,9.9,66,8.2,19.7,3.9,56,12.0,20.9,6.9,49,13.5,21.2,8.1,43
2023-02-17,1193030.0,7.2,11.6,2.9,48,4.5,10.0,-0.7,52,6.2,11.9,1.5,45,7.3,12.9,2.3,39
2023-02-18,1143768.0,7.7,13.0,1.9,59,6.0,11.5,-0.5,54,6.7,12.7,-0.1,55,7.5,13.3,1.4,52
2023-02-19,998655.0,14.9,23.2,6.4,78,13.7,21.4,7.7,48,14.8,23.3,8.2,69,15.0,23.3,7.8,69
2023-02-20,1009287.0,21.1,26.5,16.1,84,20.1,26.6,14.8,50,20.6,27.1,14.5,74,20.1,26.9,14.5,77
2023-02-21,1043506.0,23.0,27.2,20.7,81,22.9,30.3,15.3,53,22.1,28.5,16.2,75,21.9,29.4,14.4,73
2023-02-22,1057166.0,23.3,27.6,21.4,82,21.3,26.1,16.4,63,24.5,31.4,20.6,60,24.7,32.3,20.3,58
2023-02-23,1044410.0,23.6,28.1,20.8,84,13.2,18.5,8.9,61,20.3,25.1,16.8,68,21.6,27.2,16.9,69
2023-02-24,1075795.0,22.4,25.9,19.7,83,8.6,10.2,7.2,65,13.0,15.9,11.0,63,15.7,18.9,13.5,66
2023-02-25,1054960.0,22.1,26.7,19.2,82,6.7,9.3,4.4,88,12.5,19.0,7.8,79,14.6,19.4,10.3,82
2023-02-26,1014637.0,23.1,27.1,20.9,79,15.5,25.4,9.0,83,20.5,26.9,14.4,80,21.4,26.8,17.0,81
2023-02-27,1033433.0,23.1,27.4,18.0,67,17.9,23.6,12.6,39,21.7,28.3,15.8,40,22.5,30.0,16.8,43
2023-02-28,1052341.0,22.2,28.8,16.4,79,18.4,28.2,10.0,41,20.5,28.8,12.9,58,20.4,28.6,12.9,63
2023-03-01,1066829.0,24.4,27.8,22.0,83,19.8,21.1,17.5,81,24.1,29.3,21.4,76,24.8,30.6,21.3,75
2023-03-02,1055721.0,24.1,25.9,22.8,86,20.2,26.5,13.3,80,22.3,26.9,12.7,81,23.2,29.3,15.6,77
2023-03-03,965884.0,17.5,22.8,12.4,50,12.8,17.8,8.4,64,16.2,22.9,9.8,35,17.7,25.3,10.2,30
2023-03-04,952568.0,16.2,25.2,8.2,67,15.2,24.1,7.5,63,17.0,27.1,7.0,56,17.9,27.7,6.6,50
2023-03-05,958801.0,17.7,25.4,10.6,74,18.3,25.1,12.1,62,18.8,26.5,11.6,65,19.2,27.7,10.8,65
2023-03-06,1045579.0,21.7,27.6,14.7,84,20.0,26.9,14.0,72,20.6,27.5,15.4,78,21.5,28.7,16.2,77
2023-03-07,1060280.0,23.3,27.9,19.9,84,19.8,23.6,15.9,85,22.8,26.8,19.5,83,23.2,27.9,19.4,81
2023-03-08,1060408.0,23.6,28.5,19.8,80,14.1,19.6,12.3,87,22.7,27.8,18.7,74,23.2,29.0,18.3,72
2023-03-09,1062432.0,23.5,29.1,19.5,78,15.8,21.7,13.4,91,22.9,28.6,18.0,73,23.5,29.9,19.3,73
2023-03-10,1036194.0,22.5,26.2,19.7,82,13.5,18.5,8.4,72,17.8,22.3,13.4,78,20.8,25.7,15.8,71
2023-03-11,1058745.0,23.4,29.4,18.0,78,20.5,29.6,14.2,77,23.8,32.4,15.5,71,25.1,33.2,18.2,67
2023-03-12,954394.0,23.0,28.1,17.0,74,15.7,20.8,11.9,62,20.7,25.0,15.9,65,22.9,28.9,18.1,56
2023-03-13,975347.0,16.1,21.0,12.3,51,10.9,15.0,7.4,51,15.3,19.9,11.3,46,16.7,21.3,12.7,43
2023-03-14,991137.0,14.9,18.7,10.6,45,11.1,16.1,5.8,50,14.1,19.7,8.6,51,15.9,20.5,10.4,49
2023-03-15,1001050.0,15.0,21.6,8.2,60,13.7,19.5,7.4,60,16.8,23.4,9.6,56,17.4,22.5,12.5,59
2023-03-16,1026961.0,21.0,24.6,17.4,81,16.9,21.6,9.2,81,21.5,26.8,18.3,80,22.2,28.9,18.6,81
2023-03-17,1034037.0,12.4,22.0,7.8,72,8.2,12.3,4.7,49,10.7,17.4,6.1,49,12.1,19.0,6.9,46
2023-03-18,1033761.0,10.3,12.4,8.7,49,8.1,12.2,4.1,53,10.1,12.8,8.1,44,8.0,10.5,5.6,65
2023-03-19,1042471.0,9.6,14.7,4.8,45,5.9,11.5,0.2,45,10.0,15.4,5.5,44,10.2,15.1,6.3,58
2023-03-20,1123353.0,9.6,13.9,4.6,60,8.3,12.3,3.3,53,10.0,13.4,5.9,64,10.2,13.2,6.4,70
2023-03-21,1042509.0,18.3,22.0,13.3,81,14.8,20.0,10.0,81,17.0,20.9,12.4,93,17.5,22.3,13.0,95
2023-03-22,1060493.0,23.1,26.6,20.6,79,22.7,26.7,19.3,79,23.2,27.2,20.2,80,22.8,26.9,20.1,84
2023-03-23,1105295.0,23.9,27.6,21.4,81,24.0,27.6,20.9,72,24.5,28.6,21.9,76,24.4,28.8,21.5,79
2023-03-24,1083552.0,24.2,28.0,22.0,84,21.1,23.5,18.7,74,24.2,30.5,18.1,61,24.2,30.9,17.4,62
2023-03-25,992517.0,23.1,28.9,17.7,62,18.1,24.2,10.6,36,20.5,28.1,12.7,29,20.7,28.3,13.0,31
2023-03-26,976381.0,20.3,26.8,14.8,86,16.9,25.5,7.8,57,19.7,28.6,10.6,59,20.6,29.3,13.3,61
2023-03-27,1029047.0,22.2,25.9,19.3,86,15.0,21.5,9.0,57,20.9,26.3,15.1,64,21.8,25.4,18.3,73
2023-03-28,1006172.0,21.2,24.0,18.5,63,13.8,17.4,9.5,55,18.4,21.3,14.5,42,19.1,21.5,15.8,44
2023-03-29,979440.0,16.8,18.5,15.1,60,13.6,18.4,9.3,65,17.0,21.2,13.3,51,17.0,19.7,13.9,50
2023-03-30,1033303.0,21.1,25.0,16.4,84,18.9,22.4,15.8,76,20.3,24.6,16.6,85,20.9,25.5,17.0,86
2023-03-31,1110040.0,24.9,28.3,22.7,81,24.0,29.2,19.3,56,25.9,32.9,21.7,60,24.9,31.3,20.9,72
2023-04-01,1018530.0,25.0,30.1,20.3,68,18.1,23.3,12.8,34,21.8,28.8,11.9,25,23.5,30.2,15.1,22
2023-04-02,1042311.0,23.3,27.9,18.8,80,18.8,25.8,13.3,67,23.6,31.1,17.6,59,24.4,30.6,19.3,69
2023-04-03,1198529.0,25.5,29.1,22.7,82,25.2,32.7,18.5,75,26.5,33.9,21.2,71,26.2,33.0,20.4,74
2023-04-04,1189418.0,25.0,27.5,22.7,86,24.6,26.9,22.2,76,26.4,30.7,22.9,71,26.7,30.9,22.6,72
2023-04-05,1058818.0,22.1,26.9,16.3,87,17.9,25.2,12.4,57,20.9,25.1,14.9,55,21.9,26.0,16.1,55
2023-04-06,989368.0,15.8,19.7,13.0,90,12.2,14.2,9.4,53,11.3,14.7,9.3,82,11.7,17.6,9.2,82
2023-04-07,977465.0,14.6,15.4,13.6,97,12.9,14.8,11.0,61,11.6,12.8,10.7,90,12.2,14.2,11.2,92
2023-04-08,933354.0,15.9,20.6,12.8,89,16.2,21.9,12.9,67,15.3,20.0,12.0,85,16.6,22.0,12.5,83
2023-04-09,928337.0,18.9,21.9,15.9,80,16.9,22.1,11.4,76,17.8,22.3,12.0,81,18.1,22.8,12.5,81
2023-04-10,987550.0,18.4,20.9,15.6,79,18.2,22.5,14.2,73,18.7,22.9,13.9,78,19.5,23.3,16.6,82
2023-04-11,1014273.0,19.4,24.1,15.4,69,18.0,23.6,11.6,67,18.2,24.5,11.0,71,18.9,25.1,12.4,73
2023-04-12,1024015.0,18.4,24.2,13.3,76,18.1,24.9,10.2,66,18.9,25.5,12.4,63,18.7,25.7,10.6,65
2023-04-13,1040956.0,18.9,25.0,12.5,72,19.3,25.0,12.7,65,19.4,26.3,11.8,66,19.5,26.1,11.7,67
2023-04-14,1063633.0,21.0,25.5,14.7,82,20.6,25.2,14.8,74,21.3,27.1,16.0,81,21.7,27.0,16.7,80
2023-04-15,1110569.0,24.8,30.9,21.1,80,22.9,26.7,17.7,64,24.8,31.9,19.0,65,24.9,32.2,18.0,68
2023-04-16,951875.0,19.4,23.7,14.7,50,16.1,22.2,8.0,46,19.1,24.0,13.3,39,20.1,24.7,14.8,38
2023-04-17,1008540.0,17.4,24.0,9.7,57,17.9,26.2,8.0,47,18.8,25.7,9.5,48,18.5,25.3,9.5,51
2023-04-18,1044873.0,20.1,25.1,14.8,76,19.4,22.9,14.9,66,21.0,27.1,17.1,77,21.6,25.3,18.4,79
2023-04-19,1123550.0,23.1,27.7,19.2,77,23.1,27.3,18.9,71,23.6,27.3,20.4,78,23.6,26.6,21.2,81
2023-04-20,1130921.0,23.8,26.3,21.8,83,22.7,26.6,19.0,78,23.6,28.8,19.5,84,24.3,29.5,20.7,84
2023-04-21,1047302.0,22.8,27.1,18.6,79,18.9,24.0,13.4,62,20.9,26.2,17.4,75,22.3,28.1,18.5,75
2023-04-22,987409.0,20.1,24.8,15.0,60,16.7,22.3,10.7,56,20.3,26.3,13.8,63,20.8,26.5,14.7,71
2023-04-23,925438.0,16.3,17.1,15.3,74,11.0,13.5,9.3,77,15.1,20.1,12.2,69,16.2,20.6,13.9,75
2023-04-24,966044.0,17.7,23.4,13.0,66,14.5,21.0,8.0,63,15.9,21.4,11.5,73,16.5,20.9,12.3,77
2023-04-25,1011946.0,20.6,24.5,16.2,74,17.9,21.6,15.0,67,20.2,24.0,17.5,82,20.3,24.9,17.2,87
2023-04-26,1077003.0,22.8,26.6,19.1,85,16.7,18.5,14.8,88,22.4,28.4,19.4,86,24.1,30.4,20.1,82
2023-04-27,1036895.0,21.1,24.9,16.4,82,17.3,19.9,15.0,78,20.5,26.6,16.9,70,22.2,28.9,17.7,67
2023-04-28,1048849.0,20.9,27.4,14.4,78,16.1,22.7,10.3,80,20.2,28.7,15.1,78,21.7,29.6,15.8,79
2023-04-29,933623.0,17.6,20.4,14.2,73,16.0,21.6,12.0,61,17.9,23.9,12.7,50,18.6,25.6,12.7,47
2023-04-30,996694.0,19.9,28.7,10.7,59,19.4,27.1,10.8,53,21.5,31.3,11.6,48,21.2,30.7,10.4,47
2023-05-01,1056785.0,21.6,28.4,13.7,66,18.8,24.4,12.3,44,22.0,28.1,13.4,56,22.6,29.4,13.8,58
2023-05-02,1088310.0,21.8,26.3,16.9,82,20.4,27.1,12.7,57,21.9,26.1,17.5,78,22.8,26.8,19.1,77
2023-05-03,1116888.0,22.7,28.3,18.1,75,22.2,26.8,17.9,54,23.4,29.1,17.8,70,23.3,28.5,18.3,72
2023-05-04,1133359.0,23.0,27.2,18.3,84,21.9,26.3,17.4,74,23.9,28.2,19.5,81,24.4,29.3,20.4,80
2023-05-05,1296605.0,26.9,32.2,23.6,81,26.8,33.2,20.9,76,27.4,33.2,22.9,77,27.7,33.9,23.0,77
2023-05-06,1227630.0,25.8,30.6,21.0,83,25.8,30.2,20.4,72,26.7,31.9,21.9,74,26.9,31.4,22.2,77
2023-05-07,1145732.0,24.7,25.5,23.9,87,24.6,28.7,20.1,78,24.9,28.6,22.4,78,25.6,29.1,22.5,77
2023-05-08,1240608.0,25.4,29.4,22.6,84,25.7,31.2,21.3,74,24.9,30.2,21.6,82,25.9,31.7,22.4,79
2023-05-09,1160685.0,23.3,25.3,22.2,87,24.6,29.1,20.7,76,21.5,25.4,19.6,90,22.3,24.5,20.0,82
2023-05-10,1127019.0,22.6,24.6,20.5,90,21.9,23.5,20.5,86,22.6,26.6,19.7,86,23.6,28.1,19.6,83
2023-05-11,1242643.0,26.8,30.7,22.9,83,23.8,29.9,18.8,85,26.7,31.7,22.3,81,27.0,32.1,23.3,79
2023-05-12,1296166.0,27.3,30.3,24.4,81,26.7,30.6,24.0,79,26.9,30.7,24.5,83,26.6,30.8,24.3,83
2023-05-13,1113613.0,24.7,27.5,22.5,85,24.0,28.8,20.6,79,21.9,24.7,18.9,86,21.4,25.0,18.4,88
2023-05-14,1078184.0,24.4,27.7,22.0,88,22.2,23.6,20.6,91,23.8,29.2,20.1,84,23.8,29.7,19.4,79
2023-05-15,1178647.0,25.3,30.2,22.5,84,23.5,29.0,19.1,82,23.4,27.5,20.5,86,23.1,27.1,20.3,86
2023-05-16,1145980.0,24.4,30.2,20.7,81,22.5,25.7,20.2,76,22.8,25.8,20.1,85,23.0,28.5,19.6,83
2023-05-17,1174307.0,24.5,29.8,20.1,75,22.1,27.9,16.3,69,24.7,31.0,18.8,71,24.6,31.1,18.4,71
2023-05-18,1229914.0,25.4,31.2,19.5,71,24.2,30.1,17.7,72,25.2,31.3,18.1,71,25.3,31.4,19.0,71
2023-05-19,1282044.0,26.9,32.2,21.8,74,25.8,31.8,21.7,70,26.4,31.6,20.9,73,26.1,32.4,21.0,76
2023-05-20,1131790.0,26.3,32.1,22.3,74,21.5,25.5,17.3,66,23.9,27.8,21.6,78,24.1,28.1,21.7,81
2023-05-21,1047063.0,23.5,26.6,21.0,78,20.5,24.3,16.2,67,20.9,23.5,18.8,82,21.1,22.3,19.4,87
2023-05-22,1174458.0,24.6,29.0,20.7,70,22.4,27.9,16.4,66,23.3,28.8,17.8,76,23.8,29.6,18.1,75
2023-05-23,1236835.0,25.4,30.6,20.2,74,24.3,29.5,19.4,65,25.0,30.8,20.2,77,25.9,31.8,20.0,75
2023-05-24,1225207.0,24.9,30.1,19.9,73,24.6,29.5,19.2,68,24.1,28.3,20.1,78,25.2,31.6,18.9,71
2023-05-25,1222667.0,25.0,29.8,20.1,70,24.5,28.8,19.4,64,24.3,28.8,20.2,74,25.2,29.9,20.7,72
2023-05-26,1225139.0,25.9,31.7,20.1,65,25.4,30.5,19.3,57,24.9,29.3,19.2,69,25.8,30.4,21.1,69
2023-05-27,1176971.0,25.7,31.3,19.9,68,25.5,29.7,20.9,54,25.0,30.0,19.6,67,25.5,30.3,20.5,69
2023-05-28,1147946.0,24.9,29.8,19.8,71,25.3,31.4,19.8,60,24.9,29.7,20.8,73,24.4,28.2,20.7,72
2023-05-29,1186100.0,25.4,29.9,21.5,78,24.8,31.0,20.0,69,24.4,29.4,20.8,76,24.1,28.8,20.1,78
2023-05-30,1243485.0,25.3,30.7,20.3,75,24.5,30.2,19.8,72,24.7,30.2,18.6,75,25.1,31.2,19.0,73
2023-05-31,1284162.0,25.6,30.5,21.0,74,26.2,31.9,19.9,68,25.9,31.3,20.4,71,26.0,31.6,20.0,71
2023-06-01,1296126.0,26.0,31.0,20.8,74,26.8,31.6,21.5,66,26.7,31.6,21.3,69,26.5,31.3,22.1,74
2023-06-02,1314546.0,26.2,31.6,20.8,74,27.8,32.7,22.3,61,27.0,32.3,21.2,68,26.7,31.3,21.4,70
2023-06-03,1254028.0,27.1,32.1,21.9,68,25.3,31.1,21.0,68,26.8,33.5,20.1,63,26.5,33.4,19.9,67
2023-06-04,1158050.0,24.6,28.3,20.3,71,24.8,30.8,19.4,66,24.4,29.7,20.6,74,24.9,30.7,20.6,71
2023-06-05,1197644.0,24.4,30.3,21.1,77,25.2,30.1,20.3,66,24.2,28.6,20.7,78,25.0,31.3,20.4,74
2023-06-06,1220965.0,24.4,29.8,20.4,79,25.6,30.4,21.0,69,24.8,30.0,19.1,75,25.1,30.5,19.3,73
2023-06-07,1280461.0,25.5,31.2,19.9,75,26.4,31.8,20.5,66,26.1,32.2,20.5,70,26.6,32.0,20.3,71
2023-06-08,1281993.0,26.3,31.3,22.8,74,26.8,32.8,21.5,66,26.3,30.2,21.6,73,27.3,32.4,21.7,68
2023-06-09,1372028.0,27.2,33.8,20.3,70,28.6,34.9,21.3,63,28.6,36.1,21.5,68,29.2,36.5,21.6,65
2023-06-10,1386811.0,28.1,33.2,23.3,74,28.7,33.4,25.0,64,29.8,36.0,23.6,66,30.3,36.5,23.2,61
2023-06-11,1379526.0,28.2,34.3,22.9,73,28.2,36.4,22.7,67,29.2,35.9,23.0,66,30.2,36.7,24.7,65
2023-06-12,1403991.0,28.7,33.4,24.4,76,26.3,31.4,23.5,72,29.5,34.6,24.2,69,30.1,35.9,24.9,70
2023-06-13,1372096.0,28.8,33.0,24.9,76,24.3,26.7,21.6,87,29.7,35.0,25.4,70,30.0,35.7,25.2,72
2023-06-14,1430022.0,29.6,33.4,26.2,73,27.5,31.5,24.0,83,30.4,34.6,26.7,69,30.4,34.9,26.3,71
2023-06-15,1509531.0,30.4,35.6,27.2,77,29.2,33.7,24.6,79,31.4,36.9,27.0,70,31.4,37.4,26.7,71
2023-06-16,1490931.0,30.4,35.2,26.6,76,28.9,34.7,23.3,70,31.7,38.4,25.9,67,32.1,38.8,26.7,67
2023-06-17,1463402.0,30.5,35.7,26.9,76,29.0,34.9,24.0,75,30.9,35.8,26.3,70,31.0,36.0,26.5,72
2023-06-18,1464688.0,30.8,36.4,26.5,73,28.8,33.3,23.9,70,32.3,38.8,25.8,63,32.3,39.0,26.0,66
2023-06-19,1560044.0,31.1,36.4,26.9,74,30.0,36.1,23.4,70,32.1,38.6,26.4,67,32.1,39.0,25.9,66
2023-06-20,1593327.0,31.4,36.8,27.9,71,31.8,36.4,27.7,71,32.4,38.9,26.5,64,32.5,39.4,26.1,64
2023-06-21,1546520.0,30.6,36.7,26.1,76,29.4,33.2,27.1,77,31.9,38.2,26.6,66,32.2,39.1,25.3,65
2023-06-22,1445145.0,29.6,35.3,25.4,73,28.4,32.1,25.1,71,29.7,34.9,24.0,63,30.1,35.1,25.6,62
2023-06-23,1487387.0,30.4,35.7,26.5,75,27.9,31.9,25.3,75,30.9,36.9,25.6,65,31.1,37.7,25.0,67
2023-06-24,1502845.0,30.6,35.5,26.5,74,30.6,36.4,25.4,65,31.5,37.6,26.0,63,31.5,37.9,25.8,65
2023-06-25,1548274.0,30.9,35.8,26.9,73,32.3,36.9,27.1,60,31.9,37.5,26.4,63,32.0,38.4,26.1,63
2023-06-26,1602299.0,30.7,36.0,26.2,72,32.6,37.4,27.3,60,31.9,38.3,25.8,61,32.3,39.1,25.7,60
2023-06-27,1613826.0,30.8,36.7,26.0,71,32.3,38.1,26.6,59,32.0,38.4,25.6,59,32.4,39.2,25.5,58
2023-06-28,1597604.0,30.6,36.2,26.4,72,31.9,37.1,26.2,55,31.4,37.6,24.4,59,31.3,38.1,24.0,59
2023-06-29,1590735.0,30.5,36.0,25.9,71,32.0,37.7,26.3,56,31.3,36.6,25.9,61,30.7,36.5,24.9,61
2023-06-30,1552925.0,30.4,36.0,25.7,72,31.4,35.6,26.4,55,31.0,36.4,25.2,61,30.6,36.1,25.5,64
2023-07-01,1429609.0,30.8,36.0,25.5,70,29.1,31.9,26.7,59,30.6,36.2,25.4,64,30.6,36.3,25.7,67
2023-07-02,1374090.0,29.5,34.9,25.9,76,28.6,33.2,23.3,66,29.5,34.1,25.8,61,29.6,34.2,24.7,60
2023-07-03,1469543.0,29.5,34.7,25.0,75,30.4,36.2,25.6,64,31.3,35.9,26.1,55,30.4,35.0,24.9,58
2023-07-04,1427496.0,29.4,33.5,25.6,75,29.9,35.7,23.6,65,30.5,35.9,25.9,59,30.0,35.3,25.0,64
2023-07-05,1513716.0,29.8,34.5,26.1,73,31.1,36.1,26.3,62,30.6,35.4,26.1,66,30.1,34.6,25.9,67
2023-07-06,1424420.0,27.0,30.8,24.1,80,30.2,35.4,25.8,64,28.3,31.6,25.3,74,27.9,30.4,25.0,77
2023-07-07,1415506.0,27.7,32.5,23.8,80,29.6,34.6,24.9,65,28.6,33.7,23.9,67,27.9,32.5,24.5,73
2023-07-08,1454831.0,29.0,33.3,24.8,78,30.7,36.0,26.5,60,31.3,37.9,25.5,62,30.8,37.1,25.2,66
2023-07-09,1459007.0,30.1,34.0,26.2,77,29.3,34.7,26.3,66,32.1,38.5,26.3,59,31.7,37.9,25.7,62
2023-07-10,1553838.0,30.5,35.7,26.1,74,29.7,35.2,24.7,71,33.1,40.1,26.5,56,32.4,39.0,25.8,61
2023-07-11,1569142.0,30.6,35.7,26.8,75,30.2,34.7,26.9,68,32.8,40.1,26.7,59,32.6,39.7,26.3,62
2023-07-12,1622792.0,31.1,36.3,27.2,74,33.2,39.1,27.6,55,33.5,40.9,27.0,55,32.9,40.3,26.3,60
2023-07-13,1635112.0,31.3,36.4,27.5,72,33.1,38.9,27.6,58,33.3,41.1,27.0,57,33.0,40.7,26.4,60
2023-07-14,1620195.0,30.9,35.9,27.3,73,33.1,38.5,28.1,53,33.2,40.6,26.6,57,32.7,40.0,26.1,60
2023-07-15,1563842.0,31.4,37.3,27.0,71,32.2,36.6,27.6,59,33.4,40.5,26.7,52,32.8,40.2,26.0,56
2023-07-16,1479284.0,30.9,37.6,26.0,71,29.3,32.0,27.4,73,33.0,39.7,26.4,49,32.4,39.6,25.0,55
2023-07-17,1586029.0,30.6,36.9,25.5,69,32.3,40.4,24.3,56,33.6,40.6,25.7,43,32.6,39.9,24.5,48
2023-07-18,1640622.0,30.9,36.9,26.2,70,34.6,41.1,27.5,42,33.6,40.7,26.2,50,32.7,40.3,25.2,55
2023-07-19,1643440.0,30.9,36.8,26.4,71,33.8,39.9,27.5,46,33.2,39.9,26.1,53,32.6,39.7,25.4,56
2023-07-20,1622823.0,30.6,36.7,26.3,70,33.3,38.8,27.9,49,32.8,39.3,26.4,54,32.1,39.0,25.4,57
2023-07-21,1585901.0,30.4,35.2,25.4,72,32.9,38.1,27.1,48,32.1,38.9,25.5,52,31.6,38.7,24.7,56
2023-07-22,1517021.0,31.3,36.9,26.1,66,29.8,34.4,25.1,55,33.1,39.6,26.1,49,32.2,39.1,24.5,54
2023-07-23,1464116.0,29.9,36.7,25.1,70,29.6,36.5,21.7,50,32.1,37.2,25.7,52,31.8,37.0,25.9,54
2023-07-24,1551301.0,29.7,35.0,24.3,73,31.6,38.9,23.0,45,32.3,39.4,24.1,50,31.4,38.4,23.8,56
2023-07-25,1587415.0,29.9,35.3,24.3,73,33.1,39.3,25.5,45,32.4,38.4,25.5,53,31.3,37.7,24.5,59
2023-07-26,1586706.0,30.0,35.5,24.5,70,33.0,38.5,26.6,43,32.3,37.9,26.2,55,32.0,38.0,26.0,55
2023-07-27,1575986.0,29.7,34.5,24.5,72,32.8,38.1,26.6,44,32.2,38.1,25.5,50,31.2,37.5,24.2,53
2023-07-28,1558595.0,29.4,34.7,23.4,70,33.0,38.3,26.5,42,32.0,38.3,24.9,49,31.1,37.7,23.8,54
2023-07-29,1526058.0,29.7,35.5,23.9,69,33.2,38.6,26.7,42,32.0,38.2,24.9,47,31.0,37.1,23.7,51
2023-07-30,1544023.0,30.8,37.1,24.4,66,33.5,39.7,26.3,41,32.7,38.8,25.2,48,31.5,37.8,23.9,54
2023-07-31,1637543.0,31.7,38.1,25.7,62,34.1,40.9,26.1,43,33.7,39.5,25.9,45,32.5,38.7,25.0,52
2023-08-01,1664531.0,31.9,38.0,26.2,62,34.9,41.3,28.2,45,33.6,40.1,26.4,46,32.3,38.9,24.1,53
2023-08-02,1662141.0,31.3,37.2,25.1,63,35.2,41.3,28.5,40,33.8,40.1,26.6,43,32.4,38.7,24.9,52
2023-08-03,1668358.0,31.3,37.0,25.8,70,34.9,40.5,28.9,39,33.2,39.1,26.1,52,32.2,38.2,25.6,57
2023-08-04,1676770.0,31.7,37.1,26.6,68,34.9,40.3,28.6,44,33.7,40.3,26.5,52,33.0,39.9,26.0,55
2023-08-05,1656949.0,31.8,38.2,26.6,67,35.0,40.7,28.9,42,33.7,40.4,26.5,48,33.0,39.7,25.5,50
2023-08-06,1622781.0,31.8,38.0,26.8,67,34.2,39.5,28.8,43,33.3,40.3,26.1,53,32.7,40.1,25.3,56
2023-08-07,1683224.0,32.0,38.3,27.0,68,34.5,39.7,29.1,46,33.7,40.9,26.6,52,32.9,40.2,25.7,55
2023-08-08,1668464.0,31.8,37.9,27.3,68,33.7,38.2,29.4,47,33.4,40.8,26.9,54,32.7,39.9,26.2,58
2023-08-09,1687268.0,32.0,38.1,27.8,68,34.7,41.2,27.8,45,33.3,41.5,26.3,55,32.9,40.9,25.7,58
2023-08-10,1704812.0,32.4,38.6,27.7,68,35.1,41.7,29.0,48,33.5,41.5,26.8,56,33.0,40.7,26.3,58
2023-08-11,1712925.0,32.1,38.0,27.8,68,35.3,41.5,28.8,44,33.6,41.4,26.6,55,32.8,40.6,26.2,59
2023-08-12,1679926.0,32.2,38.5,27.9,70,34.8,41.2,27.8,45,33.7,40.9,27.3,56,33.0,40.0,27.0,59
2023-08-13,1659474.0,31.7,38.3,26.6,70,34.7,41.1,27.9,44,33.6,40.5,26.8,56,32.8,39.7,26.4,59
2023-08-14,1673474.0,31.8,38.9,25.8,68,33.3,38.1,28.5,44,33.4,41.0,26.1,50,32.2,39.5,25.1,56
2023-08-15,1570101.0,33.1,39.2,27.5,59,29.7,34.8,24.2,38,33.3,38.9,27.2,40,33.1,39.0,26.2,50
2023-08-16,1523482.0,31.2,37.7,25.1,44,28.6,35.6,20.5,41,32.6,39.8,23.7,32,32.9,39.5,26.1,37
2023-08-17,1603739.0,30.9,39.1,22.8,65,33.0,42.5,22.7,36,34.2,42.0,25.4,38,33.6,41.2,25.1,42
2023-08-18,1664887.0,31.3,38.6,25.3,66,35.8,42.9,27.7,34,33.8,41.1,25.6,41,32.8,39.9,24.1,47
2023-08-19,1637996.0,31.4,38.9,25.3,66,35.8,41.8,28.1,34,32.9,40.3,24.8,49,32.1,39.3,23.9,55
2023-08-20,1646173.0,33.0,41.1,26.5,61,35.9,42.8,27.8,39,34.2,41.1,25.9,45,32.5,39.1,24.0,55
2023-08-21,1682166.0,31.9,37.0,26.0,64,34.9,41.1,27.5,42,34.4,41.3,27.3,40,33.8,39.9,26.4,41
2023-08-22,1618266.0,31.0,35.3,27.9,70,34.3,39.4,28.2,44,31.5,36.8,28.0,58,29.6,34.1,26.5,65
2023-08-23,1626059.0,31.8,38.5,25.9,64,34.1,39.3,27.7,44,32.2,38.6,26.4,57,29.9,35.8,25.0,71
2023-08-24,1643734.0,32.9,41.9,26.7,55,35.2,41.2,27.8,41,33.5,40.4,26.7,49,31.6,38.9,24.0,60
2023-08-25,1657940.0,31.9,38.5,25.7,59,35.7,42.6,28.3,39,34.4,41.2,26.8,43,33.5,40.4,25.8,48
2023-08-26,1613013.0,31.4,38.9,24.8,66,35.8,42.2,29.0,36,33.7,40.8,26.3,46,32.7,39.9,24.6,50
2023-08-27,1568338.0,32.8,41.8,25.8,55,31.7,37.7,27.4,57,33.6,41.2,27.0,46,33.4,41.3,25.6,47
2023-08-28,1522237.0,29.8,35.4,24.3,66,29.9,35.1,25.2,52,30.9,36.8,25.5,56,31.0,37.5,26.3,55
2023-08-29,1490972.0,31.1,36.4,26.0,52,30.3,36.6,23.1,47,31.2,36.9,24.9,49,31.3,37.1,24.8,47
2023-08-30,1470602.0,30.5,37.4,22.5,42,30.9,36.9,24.6,40,31.0,37.7,21.7,41,31.1,38.7,22.6,39
2023-08-31,1485279.0,30.1,36.4,22.9,47,30.4,36.6,22.5,43,31.2,38.5,22.5,39,31.4,38.8,22.7,37
2023-09-01,1492598.0,30.0,37.0,22.7,55,30.7,36.6,24.3,40,31.4,38.0,23.4,43,31.0,37.3,22.8,48
2023-09-02,1439649.0,29.8,36.7,23.9,67,29.6,36.3,21.6,37,31.7,38.6,23.2,41,31.4,38.3,23.3,44
2023-09-03,1458723.0,30.3,36.8,25.3,69,30.6,37.9,26.2,43,32.1,38.8,25.5,48,31.2,37.9,23.9,49
2023-09-04,1540261.0,30.6,35.2,26.4,71,31.4,37.1,26.1,51,32.0,38.6,25.9,58,31.9,38.9,25.4,59
2023-09-05,1633591.0,31.3,36.5,27.3,71,33.1,39.3,27.3,52,33.1,39.8,27.1,57,32.6,39.3,26.6,58
2023-09-06,1625995.0,31.2,37.5,25.7,69,33.6,39.5,27.9,45,32.6,39.3,26.0,56,32.0,38.5,25.4,59
2023-09-07,1649605.0,31.9,38.6,26.4,66,34.5,41.5,26.9,41,33.8,40.0,27.0,48,32.6,38.8,25.8,55
2023-09-08,1649779.0,31.2,39.3,26.2,66,34.7,42.3,27.9,36,34.6,42.0,26.4,41,33.2,40.6,25.0,47
2023-09-09,1504588.0,29.3,35.4,24.2,69,29.6,35.3,24.6,57,33.0,40.2,25.3,45,31.9,39.2,24.5,54
2023-09-10,1402513.0,29.3,35.6,24.0,50,28.1,34.1,21.4,45,31.3,37.8,25.3,49,31.1,37.9,24.0,55
2023-09-11,1382735.0,27.6,35.1,21.0,57,26.7,32.0,21.7,46,30.3,36.4,23.9,46,30.2,36.4,24.5,59
2023-09-12,1361880.0,29.2,35.7,23.0,63,25.5,29.3,22.8,67,30.1,36.3,25.6,50,29.4,35.6,24.4,55
2023-09-13,1337512.0,28.4,34.0,24.7,70,24.3,27.4,21.1,77,27.7,33.3,23.8,63,28.9,34.3,24.7,58
2023-09-14,1300538.0,26.1,29.3,24.1,89,23.2,25.1,21.6,85,27.0,32.6,23.3,77,29.6,36.8,23.9,64
2023-09-15,1297824.0,25.1,28.7,23.3,90,24.4,28.6,21.1,76,25.9,31.9,22.6,83,28.4,34.6,24.8,74
2023-09-16,1238082.0,25.9,31.3,22.6,84,25.5,29.6,21.1,69,25.0,28.6,23.0,84,26.8,31.2,23.5,77
2023-09-17,1274168.0,27.5,33.2,22.6,70,26.6,33.2,20.3,56,27.3,33.2,21.2,66,28.3,34.3,21.9,61
2023-09-18,1341370.0,26.7,33.3,20.5,64,26.9,34.1,19.0,46,28.6,35.4,21.3,50,28.9,35.3,21.1,52
2023-09-19,1373207.0,26.2,32.7,19.3,67,28.5,34.9,22.8,45,29.5,36.1,22.7,51,29.7,36.5,22.8,53
2023-09-20,1414784.0,27.5,32.5,22.0,74,28.3,33.7,22.3,57,29.8,37.1,22.9,57,29.9,37.2,22.8,58
2023-09-21,1457828.0,28.8,34.0,24.5,78,29.0,34.3,24.5,62,30.6,36.9,24.8,61,30.2,36.4,24.2,61
2023-09-22,1496329.0,28.7,33.5,24.2,80,30.6,35.5,25.8,56,30.9,37.5,24.2,60,30.7,37.2,23.8,63
2023-09-23,1505670.0,29.0,34.2,23.9,76,31.7,37.7,25.9,56,32.0,38.6,26.1,60,31.7,38.0,25.9,62
2023-09-24,1502094.0,29.0,34.7,24.3,76,31.0,37.6,25.8,59,31.8,39.8,26.2,61,31.6,39.3,25.6,62
2023-09-25,1439986.0,27.7,33.7,23.3,78,26.9,32.3,23.0,74,29.5,34.4,24.7,70,29.3,35.8,25.8,72
2023-09-26,1400206.0,26.7,33.2,22.2,79,27.5,33.7,21.5,60,29.3,35.4,23.2,61,27.9,34.5,22.5,72
2023-09-27,1409630.0,27.2,33.5,22.4,79,27.7,34.3,20.7,58,29.5,36.4,22.6,53,27.9,33.9,22.8,65
2023-09-28,1430653.0,27.5,33.0,22.9,79,28.5,35.1,21.4,56,29.6,36.1,23.1,55,27.9,34.0,21.6,66
2023-09-29,1438038.0,27.3,32.1,23.3,78,29.0,34.8,23.0,55,29.5,36.1,23.1,57,28.6,34.9,22.0,63
2023-09-30,1383191.0,27.7,33.4,23.3,74,28.6,34.9,22.2,53,29.3,35.8,23.0,59,28.3,33.8,22.9,68
2023-10-01,1317955.0,27.4,33.5,22.8,70,27.2,33.7,20.4,51,28.8,35.0,21.8,54,28.0,32.8,23.2,68
2023-10-02,1345095.0,26.9,32.8,22.1,69,26.9,32.7,20.5,51,28.8,34.4,22.8,51,26.9,32.4,22.7,73
2023-10-03,1324942.0,25.9,28.8,24.4,88,27.2,33.3,21.2,50,27.9,34.3,21.6,61,27.9,34.3,21.2,68
2023-10-04,1409777.0,27.2,29.9,24.9,86,28.0,33.4,23.5,72,29.8,36.4,25.9,73,29.9,36.3,25.1,70
2023-10-05,1220866.0,23.9,26.8,22.0,90,23.7,27.6,21.0,77,24.6,27.3,21.9,82,24.9,27.6,22.3,84
2023-10-06,1182878.0,24.0,29.0,19.8,73,23.9,30.2,17.8,58,25.0,30.1,20.5,64,25.0,29.7,20.8,66
2023-10-07,1018684.0,21.1,24.0,18.0,61,17.6,21.8,13.4,37,20.9,25.0,17.2,45,22.1,24.8,19.0,49
2023-10-08,986091.0,17.8,22.7,12.4,57,18.8,26.3,10.5,46,18.9,26.1,11.3,49,19.4,25.8,13.3,49
2023-10-09,1103223.0,19.8,27.4,12.8,65,23.3,32.2,15.0,44,21.5,28.9,13.3,55,21.7,28.4,14.7,56
2023-10-10,1136360.0,21.7,26.1,17.6,78,23.9,29.2,18.0,58,22.5,25.9,19.1,70,21.9,25.2,19.6,75
2023-10-11,1100541.0,19.8,21.0,17.4,88,21.6,24.2,19.4,71,21.0,23.0,18.8,82,21.0,23.9,18.7,88
2023-10-12,1143969.0,20.1,25.9,16.2,84,21.3,26.4,18.0,74,23.1,28.6,18.9,80,23.5,29.0,19.5,82
2023-10-13,1210076.0,24.8,30.9,19.2,81,23.3,27.5,19.3,57,26.0,32.2,22.8,68,26.5,31.9,23.3,74
2023-10-14,1004835.0,20.7,23.9,16.2,53,17.0,21.8,12.5,44,20.5,26.0,16.6,37,21.8,27.1,16.8,38
2023-10-15,955296.0,17.2,22.4,12.0,57,15.3,19.7,10.7,55,18.1,23.7,13.6,44,19.4,25.7,15.1,40
2023-10-16,992495.0,15.4,20.8,10.7,59,13.7,19.3,8.3,56,16.2,23.7,9.5,52,17.3,25.0,9.9,49
2023-10-17,1013527.0,14.8,22.6,7.0,68,15.1,23.7,6.2,52,16.6,25.2,7.9,47,16.4,25.3,7.6,53
2023-10-18,1054198.0,18.9,27.3,10.0,73,19.6,27.7,11.9,45,19.8,28.6,10.3,51,19.3,28.3,9.7,55
2023-10-19,1103705.0,22.3,30.3,15.1,72,21.4,30.1,13.2,48,22.5,31.4,14.9,57,21.9,31.7,14.6,61
2023-10-20,1136936.0,22.9,32.5,14.5,65,23.0,33.8,14.5,38,24.5,36.5,14.0,36,23.7,34.9,12.9,41
2023-10-21,1121055.0,23.4,32.5,14.3,72,23.6,32.8,14.5,43,24.7,34.4,14.1,42,24.5,33.3,14.8,46
2023-10-22,1154267.0,24.5,29.6,19.7,82,24.2,29.5,17.8,56,25.4,31.1,19.7,69,24.8,30.7,19.4,72
2023-10-23,1222052.0,25.3,29.3,22.3,80,24.4,26.7,22.2,78,24.5,28.7,22.4,84,24.6,27.5,22.3,85
2023-10-24,1208404.0,25.8,29.4,23.4,75,23.6,25.2,22.3,83,25.0,27.8,23.2,86,25.3,29.1,23.4,85
2023-10-25,1215661.0,25.9,29.5,23.5,82,23.8,26.9,22.2,81,25.5,29.1,23.2,85,25.5,29.2,23.2,87
2023-10-26,1217276.0,25.8,28.1,24.0,88,22.9,27.0,20.2,88,24.8,27.1,23.1,90,25.2,27.3,23.7,91
2023-10-27,1253255.0,26.3,30.0,24.1,85,24.5,28.6,20.4,85,26.1,30.1,24.0,85,26.0,29.4,24.2,90
2023-10-28,1146964.0,25.9,29.8,23.2,84,18.4,20.6,16.9,95,25.4,29.0,22.8,85,25.9,30.2,23.4,86
2023-10-29,1110045.0,24.1,29.5,14.3,80,9.6,17.2,6.0,92,19.3,26.2,7.5,87,21.0,27.0,7.5,85
2023-10-30,1117584.0,9.7,13.5,8.1,86,6.9,10.2,3.7,63,6.8,9.7,5.0,76,6.7,8.9,5.4,81
2023-10-31,1099439.0,10.5,15.3,7.6,60,8.5,15.8,2.0,57,10.1,15.7,6.5,51,10.4,15.7,6.7,53
2023-11-01,1097093.0,10.0,16.8,5.1,59,6.8,13.1,0.7,52,8.8,15.7,3.9,59,9.5,16.6,4.3,61
2023-11-02,1079614.0,11.3,19.4,3.7,55,9.5,17.7,2.0,58,11.0,19.1,2.9,56,11.8,19.2,4.3,62
2023-11-03,1039139.0,16.0,24.2,9.3,69,14.5,22.8,6.7,62,16.5,23.5,10.1,71,16.9,24.0,10.5,75
2023-11-04,999981.0,19.4,26.4,13.3,80,17.7,24.3,12.3,74,18.7,25.9,14.0,80,18.8,26.0,13.7,80
2023-11-05,1056088.0,20.8,27.7,15.2,80,20.2,26.7,15.8,76,19.6,26.4,13.0,80,19.7,26.5,13.0,77
2023-11-06,1100729.0,22.1,28.2,16.6,76,22.1,27.9,18.0,73,22.0,27.3,18.0,78,21.6,27.1,17.7,79
2023-11-07,1141202.0,23.1,29.3,18.0,80,23.3,29.5,17.5,68,23.0,29.5,17.7,75,22.4,28.8,17.0,77
2023-11-08,1161504.0,23.4,28.6,19.2,78,24.1,29.0,20.2,72,23.6,28.7,20.5,81,23.2,28.5,19.9,84
2023-11-09,1092605.0,22.7,27.4,19.1,84,17.1,23.6,11.8,87,20.5,23.6,14.6,92,21.2,24.1,16.4,92
2023-11-10,1027258.0,16.0,21.6,13.3,97,13.4,16.6,11.1,82,13.7,14.6,12.4,90,14.1,15.8,12.6,90
2023-11-11,983559.0,14.5,16.0,13.3,93,14.6,17.8,12.1,58,14.7,16.9,12.9,80,14.7,16.6,13.0,89
2023-11-12,980152.0,16.2,18.0,14.8,91,15.1,18.8,12.0,63,14.8,16.6,13.2,85,14.9,16.8,13.9,94
2023-11-13,1016154.0,16.1,16.9,15.4,94,14.8,19.4,11.0,61,15.3,18.4,12.9,81,14.7,17.6,13.1,90
2023-11-14,1013360.0,17.5,20.7,14.8,83,15.1,21.5,10.2,67,16.5,22.2,13.6,71,16.8,22.7,13.4,71
2023-11-15,1016103.0,17.3,22.4,12.5,79,14.9,22.2,8.9,71,16.2,23.6,10.6,76,16.4,23.8,10.8,78
2023-11-16,1026890.0,16.6,17.9,15.0,87,14.0,17.1,11.7,90,13.7,17.4,10.2,88,14.5,18.5,11.5,85
2023-11-17,1038118.0,19.1,25.2,13.7,80,15.4,17.5,13.7,87,18.2,26.3,13.1,81,18.0,25.6,12.7,84
2023-11-18,998193.0,19.5,23.3,16.2,77,16.5,21.5,13.1,77,17.7,20.3,16.1,80,17.8,20.2,15.7,81
2023-11-19,992591.0,17.6,22.8,12.2,83,15.5,18.5,12.1,86,17.5,19.6,14.9,93,17.5,20.2,15.0,96
2023-11-20,1066010.0,22.6,27.2,19.5,85,19.7,24.1,15.3,74,21.4,27.7,18.9,76,21.2,27.9,18.7,75
2023-11-21,1050438.0,14.6,18.9,10.7,63,12.2,14.4,8.8,58,14.1,17.5,10.5,59,14.5,17.6,10.6,58
2023-11-22,1088923.0,9.8,15.0,5.8,66,8.7,16.4,2.9,50,10.8,18.6,4.5,51,11.1,19.3,4.7,53
2023-11-23,1037056.0,9.7,12.6,6.1,74,9.7,16.4,4.0,57,10.2,14.5,6.1,70,10.0,14.9,5.7,77
2023-11-24,1000122.0,12.7,19.4,8.8,75,10.6,17.8,5.0,74,11.5,18.7,5.5,75,11.5,18.9,5.1,79
2023-11-25,1005201.0,13.3,19.3,7.6,73,10.6,16.5,5.4,74,11.5,15.4,7.4,76,12.6,15.0,10.5,80
2023-11-26,1046365.0,14.0,16.7,8.6,66,7.2,11.1,3.0,65,11.0,13.4,7.2,65,12.7,15.1,9.0,69
2023-11-27,1165176.0,9.2,14.2,4.9,54,6.1,11.9,-1.0,62,8.5,13.4,4.4,55,9.8,13.7,6.4,52
2023-11-28,1103948.0,10.8,16.7,7.3,55,9.4,16.9,3.2,57,11.0,16.2,8.5,52,11.9,16.2,9.3,51
2023-11-29,1107087.0,12.5,20.1,4.8,70,10.9,17.9,3.8,55,12.2,17.7,6.7,65,12.5,15.9,8.4,71
2023-11-30,1052570.0,18.5,21.0,15.5,94,14.9,17.5,12.6,88,18.2,22.4,15.1,91,17.4,21.3,14.4,95
2023-12-01,1036469.0,20.7,22.7,19.2,91,11.1,16.6,7.3,72,15.0,21.0,11.0,72,16.3,22.5,12.2,73
2023-12-02,1028098.0,17.6,19.6,15.0,88,10.5,18.1,5.0,76,13.7,21.0,8.6,67,14.7,22.5,9.8,67
2023-12-03,1016070.0,14.8,21.6,8.4,71,13.0,22.4,4.8,45,14.7,23.9,7.5,50,14.3,23.0,7.8,53
2023-12-04,1055166.0,14.7,21.9,10.2,58,11.3,17.4,6.2,44,13.8,20.8,8.9,45,14.0,21.4,9.4,52
2023-12-05,1069493.0,12.6,21.1,7.1,63,11.3,21.2,3.2,57,13.2,22.9,7.5,55,12.7,22.5,5.3,65
2023-12-06,1067157.0,12.3,18.6,9.0,64,11.1,18.4,5.4,52,12.6,21.0,6.4,58,13.4,21.0,7.6,63
2023-12-07,1076727.0,13.8,21.5,6.6,77,14.5,21.1,8.0,63,15.0,21.8,8.0,74,15.3,21.6,8.5,81
2023-12-08,1056836.0,20.9,24.7,16.6,83,20.5,25.6,17.3,73,20.2,24.5,18.3,82,19.2,23.6,16.8,87
2023-12-09,1040818.0,22.9,27.3,17.3,80,15.4,19.6,10.0,62,19.2,23.8,14.6,67,18.8,23.5,15.2,74
2023-12-10,1083011.0,10.8,16.8,4.1,44,6.7,12.1,2.2,41,9.7,15.2,5.0,35,10.2,16.0,5.8,39
2023-12-11,1163238.0,8.1,17.4,-0.1,62,8.7,18.2,1.2,41,8.8,18.9,-0.1,44,8.6,18.3,-0.1,51
2023-12-12,1109952.0,11.9,19.2,6.2,72,10.8,18.6,3.7,51,12.6,20.3,3.8,65,12.2,19.4,4.1,72
2023-12-13,1101184.0,12.7,16.3,9.9,66,11.9,16.2,8.4,43,12.7,14.0,11.2,66,13.4,14.3,12.7,84
2023-12-14,1088327.0,15.3,20.9,11.9,59,12.7,18.8,7.6,50,14.2,20.2,9.9,64,13.8,17.8,10.7,72
2023-12-15,1065945.0,16.6,19.4,14.5,78,12.6,15.2,10.3,80,15.1,18.3,13.5,89,15.8,18.4,14.5,94
2023-12-16,1057475.0,14.2,17.2,10.3,78,9.4,15.0,5.4,73,11.9,18.6,6.8,68,12.6,19.5,7.9,67
2023-12-17,1073183.0,10.7,19.2,4.1,70,10.3,21.5,1.7,65,11.4,22.5,2.3,59,11.1,21.5,2.8,62
2023-12-18,1098036.0,12.6,22.3,5.3,68,10.8,17.6,6.6,60,12.7,21.1,6.9,57,13.0,22.3,5.6,61
2023-12-19,1132023.0,11.4,17.6,6.2,69,8.5,15.2,2.4,54,11.9,20.1,4.5,60,13.0,19.9,7.1,61
2023-12-20,1081200.0,15.3,20.8,11.7,80,12.8,19.2,7.4,70,15.9,21.9,10.3,79,15.8,21.9,9.9,83
2023-12-21,1048559.0,16.3,19.8,14.2,86,14.4,15.4,13.9,86,16.2,17.2,15.4,97,17.2,19.2,15.3,94
2023-12-22,1023205.0,18.0,21.4,15.7,91,16.1,19.8,13.9,89,17.7,22.3,15.6,91,17.8,21.4,16.1,92
2023-12-23,1004732.0,19.5,23.2,17.2,92,16.8,18.6,15.0,93,18.3,21.6,16.8,95,18.7,21.7,16.5,95
2023-12-24,987066.0,17.9,20.0,14.0,93,16.4,19.2,11.0,89,18.3,22.5,14.7,80,18.5,23.2,14.3,79
2023-12-25,1036086.0,11.3,14.2,8.4,69,6.9,10.2,4.2,61,9.5,13.5,6.3,60,10.8,14.7,7.4,59
2023-12-26,1131253.0,9.6,13.9,5.3,71,5.9,13.2,-1.2,63,8.1,14.9,2.1,67,8.8,15.4,3.6,68
2023-12-27,1133152.0,11.6,19.0,5.6,66,6.7,10.7,3.7,63,10.2,18.8,2.7,59,11.0,20.3,3.3,64
2023-12-28,1162867.0,8.3,14.4,3.2,63,5.2,9.1,1.9,64,9.1,15.9,3.6,64,9.8,17.5,3.1,64
2023-12-29,1180282.0,7.1,13.2,1.8,62,6.0,13.2,0.2,63,8.0,15.8,2.2,61,9.3,17.1,3.5,56
2023-12-30,1117966.0,8.9,18.7,1.1,64,8.1,17.9,-0.1,59,10.2,21.1,1.8,52,10.3,21.1,2.3,51
2023-12-31,1057652.0,12.6,22.6,3.0,75,10.3,18.9,3.4,58,12.8,22.7,4.6,61,12.8,22.3,4.2,65
2024-01-01,1088462.0,14.2,16.8,10.5,83,4.5,8.5,1.0,70,9.6,13.0,6.3,69,11.6,15.2,8.4,70
2024-01-02,1217193.0,9.2,12.7,5.5,71,4.5,9.5,0.3,75,7.7,10.4,4.9,79,8.3,9.7,6.9,83
2024-01-03,1169470.0,10.4,14.6,7.4,82,8.3,12.9,5.7,78,8.2,10.3,6.9,88,9.1,11.7,6.3,88
2024-01-04,1166909.0,10.3,16.1,4.5,73,8.8,15.0,1.8,75,9.0,14.6,3.5,88,9.6,12.8,6.3,90
2024-01-05,1125128.0,12.6,15.7,8.6,84,9.2,12.0,7.0,82,11.7,17.7,8.5,80,12.7,18.9,8.8,72
2024-01-06,1129944.0,9.7,16.6,4.0,80,7.3,9.9,4.8,75,9.5,17.4,3.1,72,10.7,19.5,3.2,62
2024-01-07,1125972.0,10.1,16.4,4.1,76,7.9,15.9,0.2,70,10.0,17.9,1.7,72,11.2,19.2,3.3,72
2024-01-08,1136442.0,16.4,23.1,10.9,83,11.1,14.5,8.5,67,15.4,19.4,12.8,68,16.3,20.6,14.3,68
2024-01-09,1253480.0,9.3,13.3,4.7,46,5.1,9.5,1.9,52,8.5,13.6,3.2,40,9.9,15.0,6.2,38
2024-01-10,1213566.0,10.2,19.9,0.4,67,9.0,19.5,0.3,46,9.4,19.7,1.5,53,9.4,19.7,0.8,54
2024-01-11,1110890.0,18.0,24.3,11.4,86,12.9,21.8,4.0,66,13.9,22.6,6.0,79,13.4,22.9,4.2,76
2024-01-12,1177100.0,13.9,21.2,4.7,53,5.5,17.5,-1.2,54,11.2,19.6,3.8,47,13.0,17.7,5.3,41
2024-01-13,1238037.0,8.8,17.4,0.3,61,4.6,16.7,-2.2,50,8.0,17.5,0.8,56,8.4,17.4,-0.4,58
2024-01-14,1524691.0,7.1,11.5,2.8,74,-8.3,-3.5,-9.8,57,-2.4,6.3,-6.8,67,1.7,8.7,-3.8,74
2024-01-15,1739798.0,-1.2,2.4,-3.0,86,-8.2,-3.7,-11.0,60,-6.3,-3.6,-8.3,84,-4.3,-1.4,-7.0,84
2024-01-16,1715511.0,-2.8,1.4,-6.6,57,-7.0,-2.9,-10.6,49,-4.1,0.6,-7.5,46,-2.6,2.6,-6.4,45
2024-01-17,1567662.0,0.6,7.6,-6.7,64,-2.0,5.9,-9.0,47,-0.8,7.2,-8.8,49,-0.4,7.2,-7.1,50
2024-01-18,1220738.0,12.9,20.1,8.1,82,7.8,15.8,3.1,50,11.0,23.6,2.9,60,9.9,21.8,1.6,59
2024-01-19,1344178.0,9.4,13.2,5.6,61,0.6,6.6,-2.8,47,6.1,9.3,1.5,46,7.9,11.0,3.6,47
2024-01-20,1475029.0,3.9,8.4,-0.6,47,-2.5,2.5,-6.9,45,1.1,5.2,-3.4,40,2.1,5.6,-2.0,40
2024-01-21,1421832.0,4.2,6.6,2.1,57,1.4,3.9,-0.6,47,3.9,4.9,3.0,62,4.1,5.2,3.3,71
2024-01-22,1293337.0,13.9,17.6,7.1,91,3.5,5.7,0.9,94,9.5,14.5,3.5,97,9.8,14.5,4.6,95
2024-01-23,1152157.0,19.0,21.4,16.9,94,7.9,10.1,5.4,97,14.6,17.3,11.6,99,15.7,18.8,12.6,98
2024-01-24,1112977.0,17.5,18.9,16.5,97,9.6,11.1,8.2,95,13.3,15.6,12.2,98,15.0,16.5,14.1,98
2024-01-25,1079931.0,16.5,19.6,13.3,87,10.8,12.4,9.9,90,11.9,15.2,9.3,94,14.1,20.0,8.6,86
2024-01-26,1094326.0,14.8,17.1,11.9,97,10.9,13.0,9.2,91,11.1,13.1,9.2,98,13.1,16.1,10.5,92
2024-01-27,1085126.0,13.7,16.6,10.4,83,8.8,12.0,4.5,85,12.4,16.9,8.8,78,13.4,18.3,10.2,72
2024-01-28,1104361.0,10.4,16.8,6.2,68,7.9,16.8,1.1,71,10.7,18.9,4.2,67,11.9,20.3,5.8,60
2024-01-29,1097499.0,11.2,20.1,3.6,67,12.3,22.8,4.6,62,12.7,21.7,5.3,60,12.0,20.6,4.4,61
2024-01-30,1056077.0,13.9,22.5,7.7,59,14.4,24.5,6.7,57,14.4,23.0,7.7,58,13.0,21.6,6.0,60
2024-01-31,1040361.0,15.0,23.5,8.1,66,14.4,24.2,5.7,64,14.6,23.2,7.2,57,13.0,21.4,5.6,62
2024-02-01,1023839.0,15.2,21.3,9.7,76,15.5,22.5,9.5,61,15.4,22.4,9.4,70,15.4,22.3,9.6,75
2024-02-02,1016396.0,16.9,22.4,12.3,87,16.2,19.2,13.7,87,17.4,19.7,15.2,93,17.4,20.3,15.2,93
2024-02-03,981930.0,16.5,19.0,14.9,89,14.5,19.1,11.4,81,16.0,21.6,12.2,70,16.4,21.2,12.3,65
2024-02-04,1001732.0,14.7,20.2,10.6,64,11.7,16.0,8.2,86,15.4,19.5,11.2,45,15.6,21.4,10.8,40
2024-02-05,1052592.0,14.1,17.9,12.2,70,12.1,16.6,9.4,71,13.7,17.6,10.8,66,13.9,19.2,10.8,62
2024-02-06,1059627.0,14.1,21.2,7.3,62,11.3,18.9,3.9,64,12.8,20.2,5.6,64,13.0,20.0,6.0,65
2024-02-07,1048255.0,14.5,21.0,7.0,77,14.5,19.3,9.5,57,14.2,20.3,8.1,73,14.0,20.9,7.2,79
2024-02-08,1028694.0,19.8,23.9,17.3,77,17.0,21.0,14.4,67,18.2,22.7,15.0,79,18.3,22.7,15.1,80
2024-02-09,1039648.0,20.7,24.8,17.4,84,16.5,22.4,11.0,70,19.7,23.7,16.9,85,19.5,23.4,16.8,85
2024-02-10,1007092.0,21.0,23.5,18.9,89,13.0,16.0,11.5,87,18.1,19.6,16.1,96,19.1,20.9,17.7,95
2024-02-11,1048355.0,20.1,23.7,13.3,88,9.7,11.7,6.7,95,14.5,17.1,9.0,85,16.8,18.9,11.9,77
2024-02-12,1127283.0,10.8,15.1,6.6,62,7.6,12.7,4.2,68,9.9,15.9,5.9,58,10.9,17.3,6.3,56
2024-02-13,1116117.0,10.6,18.0,3.8,67,8.8,17.3,0.4,65,10.7,19.8,2.5,63,11.3,19.8,3.6,60
2024-02-14,1071416.0,12.0,18.7,5.3,73,12.6,19.8,5.8,61,13.0,19.3,4.8,74,12.9,18.2,6.4,79
2024-02-15,1020328.0,17.0,21.4,13.2,83,15.4,21.0,10.9,77,17.6,21.6,14.7,79,17.8,21.2,15.4,83
2024-02-16,1024528.0,17.7,19.3,16.8,91,15.7,21.2,8.3,71,18.5,22.3,14.5,74,17.7,21.4,15.4,83
2024-02-17,1173691.0,10.2,16.7,5.3,68,4.1,6.7,1.8,53,7.0,13.5,4.2,59,8.9,14.8,5.5,57
2024-02-18,1167088.0,6.7,13.2,1.9,56,4.3,11.5,-2.3,50,6.0,12.9,0.2,49,6.8,13.3,1.6,51
2024-02-19,1134156.0,9.4,17.9,1.5,66,10.0,19.6,2.0,51,10.5,20.0,1.9,58,10.4,19.9,1.8,63
2024-02-20,1066348.0,15.3,25.1,6.9,78,15.5,26.0,5.4,62,16.6,26.1,7.8,70,15.8,25.9,6.8,74
2024-02-21,1037904.0,18.6,24.9,13.6,80,19.9,26.3,15.0,70,19.3,25.4,15.2,80,18.8,25.7,14.1,82
2024-02-22,1051578.0,20.7,24.5,18.2,76,20.7,26.9,17.2,58,22.4,31.1,18.5,57,21.7,30.7,17.5,62
2024-02-23,1009016.0,18.9,24.9,13.6,55,16.3,21.9,10.1,45,18.2,24.1,12.7,43,18.9,24.8,13.4,41
2024-02-24,994284.0,17.0,25.9,8.0,50,16.0,24.6,7.4,43,17.4,26.2,7.9,45,17.4,25.6,9.0,46
2024-02-25,1006493.0,17.9,26.0,10.1,71,20.1,28.4,13.3,44,20.2,28.6,13.0,63,19.5,28.5,11.7,68
2024-02-26,1102714.0,21.3,26.2,18.1,85,22.7,32.3,14.2,60,21.2,28.4,16.1,81,20.3,28.1,14.1,82
2024-02-27,1123990.0,23.3,27.5,20.4,79,21.9,24.7,19.5,82,22.1,26.6,19.2,83,22.0,27.6,18.7,84
2024-02-28,1082555.0,19.2,22.2,11.9,65,9.4,21.6,5.3,45,14.5,21.8,8.3,54,15.9,20.4,10.1,55
2024-02-29,1143861.0,11.7,13.0,10.8,49,7.5,11.8,5.2,56,7.9,9.3,7.0,55,8.5,9.4,7.8,52
2024-03-01,1078759.0,14.4,20.9,10.0,66,11.0,19.1,4.8,75,12.9,21.4,6.8,73,13.3,22.0,7.2,70
2024-03-02,1018254.0,17.0,22.4,12.3,85,17.8,27.3,9.8,67,17.7,26.8,8.8,75,17.0,26.3,7.7,77
2024-03-03,1031780.0,20.4,25.2,16.6,90,20.8,26.4,16.9,72,21.3,26.4,17.5,77,20.7,25.4,17.3,82
2024-03-04,1110420.0,22.5,26.8,20.1,91,22.6,28.1,19.2,70,22.9,27.9,19.5,81,22.9,27.7,20.1,80
2024-03-05,1113925.0,22.8,28.2,19.3,83,20.9,26.3,16.6,75,23.8,32.6,16.6,56,22.7,32.5,14.5,61
2024-03-06,1079909.0,20.7,26.6,17.3,82,18.8,25.4,12.1,73,21.1,27.9,14.9,62,20.6,27.9,13.5,62
2024-03-07,1070850.0,20.6,25.1,16.6,85,18.3,20.1,16.5,84,21.1,24.6,18.4,84,21.3,23.8,18.9,91
2024-03-08,1091140.0,23.4,27.2,20.1,83,16.1,20.8,9.3,86,21.2,27.9,14.1,70,22.4,28.9,15.3,64
2024-03-09,1004623.0,14.2,19.9,10.9,73,9.6,14.7,6.2,66,12.0,17.3,8.3,62,12.9,17.3,8.4,59
2024-03-10,941195.0,13.4,19.8,7.0,61,10.7,17.3,4.0,58,13.0,19.2,5.9,52,13.6,19.4,6.6,52
2024-03-11,1013935.0,16.1,21.7,11.7,69,13.8,20.9,8.1,58,16.8,22.7,11.2,55,16.5,22.8,9.5,62
2024-03-12,1036405.0,18.4,24.6,12.8,80,17.6,23.8,12.0,71,19.0,24.3,13.8,78,19.4,24.3,14.5,79
2024-03-13,1102264.0,22.0,26.3,18.2,86,21.6,26.6,17.6,76,22.8,28.9,19.1,80,23.3,30.9,19.1,79
2024-03-14,1132880.0,24.1,26.7,22.4,86,23.3,28.3,21.5,78,23.8,26.3,22.2,82,23.3,26.0,21.7,85
2024-03-15,1091502.0,22.8,25.7,19.3,90,16.9,21.1,14.4,81,21.4,23.3,18.1,86,22.3,24.5,19.7,86
2024-03-16,1011106.0,19.9,21.8,18.1,90,15.4,16.6,13.8,91,19.0,23.3,16.8,92,20.2,25.2,17.3,86
2024-03-17,1002727.0,20.7,23.5,18.2,86,15.7,18.4,13.2,71,17.5,19.3,15.6,93,17.8,19.4,16.5,94
2024-03-18,1028701.0,17.5,20.3,14.2,54,11.7,14.6,7.8,48,15.3,18.6,11.7,52,15.8,18.7,12.9,58
2024-03-19,1040202.0,13.2,17.9,6.9,53,11.1,18.9,3.1,56,12.8,17.9,7.1,55,12.3,15.1,8.8,60
2024-03-20,1023097.0,16.1,20.1,11.4,71,15.4,21.7,9.9,63,15.2,19.5,10.9,72,14.8,17.5,10.9,78
2024-03-21,1031641.0,17.5,18.6,16.4,89,15.5,17.6,14.2,85,16.3,18.0,15.0,93,17.2,21.1,14.3,93
2024-03-22,1052300.0,18.3,24.2,13.7,80,15.3,19.3,13.3,88,18.0,25.2,13.3,77,19.6,28.6,13.1,73
2024-03-23,996345.0,18.0,24.7,12.0,72,14.6,19.7,9.0,73,16.9,22.2,11.4,78,17.8,23.4,12.1,72
2024-03-24,995712.0,18.9,21.5,15.8,82,17.0,19.8,14.2,73,18.3,21.4,14.9,80,18.5,23.7,14.0,83
2024-03-25,1057346.0,20.5,23.2,14.6,80,16.7,22.3,10.8,69,19.6,25.4,13.1,63,20.5,25.9,13.5,58
2024-03-26,1032429.0,15.8,20.9,11.8,62,9.5,14.8,3.8,51,14.0,19.2,8.3,50,16.7,22.5,10.9,47
2024-03-27,1037958.0,14.2,18.9,10.0,66,11.8,18.6,4.6,59,13.1,19.9,8.3,73,14.9,22.4,9.9,65
2024-03-28,1043766.0,16.0,23.7,8.2,71,14.7,22.8,6.5,63,16.6,25.4,8.0,69,17.0,25.9,7.5,65
2024-03-29,1035317.0,18.4,24.2,12.8,71,19.0,24.7,14.2,65,19.5,25.4,13.9,71,19.8,26.8,13.6,72
2024-03-30,1030294.0,20.3,24.2,16.2,79,20.5,24.7,17.0,73,20.6,25.0,17.7,81,21.1,26.0,17.6,80
2024-03-31,1047523.0,22.3,26.0,18.9,86,21.5,25.1,18.7,81,22.2,26.3,19.1,84,22.2,26.6,18.8,85
2024-04-01,1152889.0,24.1,26.2,22.6,85,23.1,25.8,21.2,81,24.3,28.0,22.1,83,24.9,29.8,21.9,81
2024-04-02,1075594.0,23.0,27.5,16.4,65,15.6,20.4,11.7,68,19.8,23.6,14.6,47,21.4,26.4,15.8,39
2024-04-03,1026346.0,17.8,24.2,11.0,52,14.9,21.5,8.7,54,18.0,27.1,9.2,45,18.4,27.3,9.0,41
2024-04-04,1065934.0,19.0,27.9,10.1,58,17.6,27.9,7.9,57,20.2,31.2,10.0,46,20.0,30.6,9.5,41
2024-04-05,1100119.0,20.9,29.7,12.9,65,20.6,29.4,12.3,54,21.9,30.4,13.3,39,21.2,30.3,11.1,41
2024-04-06,1060236.0,21.0,25.3,16.6,81,20.8,24.5,16.4,65,20.7,24.9,16.4,80,21.4,26.9,16.7,79
2024-04-07,1078118.0,23.9,27.7,21.4,84,20.7,25.7,14.8,44,22.4,27.1,18.4,55,22.8,27.4,19.3,61
2024-04-08,1129715.0,23.5,26.1,22.1,91,19.9,28.7,12.8,67,21.8,26.2,17.6,84,22.0,24.9,18.4,88
2024-04-09,1140486.0,23.9,25.5,22.8,87,17.9,19.9,17.1,92,23.6,29.4,18.6,89,24.6,31.2,19.7,83
2024-04-10,1053422.0,20.3,23.1,16.5,81,16.1,18.0,13.8,89,18.2,21.4,15.3,69,18.9,23.6,14.8,60
2024-04-11,1041922.0,19.7,26.8,14.0,54,16.0,22.9,9.6,60,19.4,27.6,12.5,50,20.1,29.1,11.7,45
2024-04-12,1056479.0,19.1,26.5,11.7,61,17.9,25.8,7.8,58,19.7,27.4,10.6,60,19.9,27.8,10.7,56
2024-04-13,1054704.0,19.9,26.6,12.7,72,21.1,27.0,14.4,60,21.7,28.0,15.8,71,21.9,28.0,15.9,69
2024-04-14,1100664.0,21.9,26.8,17.6,80,22.1,26.9,17.5,73,23.1,28.5,19.2,75,23.0,28.9,18.4,77
2024-04-15,1169755.0,22.8,25.6,20.3,84,22.5,25.2,20.1,82,24.0,28.6,21.4,81,24.3,30.4,21.6,81
2024-04-16,1186720.0,24.3,26.6,22.2,85,23.8,27.6,21.1,77,23.7,26.4,21.5,86,23.8,26.6,21.1,86
2024-04-17,1219643.0,24.4,26.6,22.9,86,24.6,28.8,21.3,83,24.8,27.9,22.8,86,25.0,28.6,22.8,86
2024-04-18,1251447.0,25.1,28.5,23.3,84,24.0,28.1,21.6,81,26.3,31.2,22.2,77,26.3,31.0,22.7,79
2024-04-19,1139353.0,24.8,27.8,22.7,86,18.1,21.4,15.3,70,22.1,24.6,19.6,79,23.5,26.2,20.6,78
2024-04-20,1076522.0,22.7,25.9,18.9,91,12.9,18.0,9.2,92,18.5,22.4,12.6,87,21.0,25.4,15.4,88
2024-04-21,979566.0,17.1,21.0,12.7,76,14.0,18.7,10.1,65,15.0,20.5,10.6,72,15.7,20.8,11.8,75
2024-04-22,1028631.0,16.6,21.6,11.6,61,14.5,21.0,7.3,63,16.5,22.5,10.1,62,17.3,22.7,12.0,61
2024-04-23,1070512.0,18.7,24.0,11.7,78,18.6,23.7,13.2,73,19.0,22.9,14.0,80,19.2,23.0,14.8,83
2024-04-24,1164139.0,23.2,27.6,20.2,82,22.4,27.1,18.6,84,23.9,28.1,21.0,81,24.0,28.0,21.1,84
2024-04-25,1185435.0,23.1,26.8,19.5,88,22.9,25.0,20.4,82,24.0,27.5,21.4,84,24.2,27.4,22.1,86
2024-04-26,1198756.0,24.6,26.8,22.7,84,22.7,23.7,21.2,85,24.9,27.7,23.5,83,24.7,27.1,23.1,87
2024-04-27,1203628.0,25.5,27.5,24.0,82,24.8,28.3,21.8,78,26.0,28.7,24.0,80,25.8,28.6,23.8,83
2024-04-28,1136813.0,24.8,27.2,23.4,85,21.5,24.2,19.3,87,23.7,26.5,21.2,88,24.1,28.1,20.7,87
2024-04-29,1234533.0,23.0,27.0,20.4,88,22.2,28.4,17.6,82,25.3,31.1,21.0,79,26.2,32.2,21.2,78
2024-04-30,1262140.0,23.3,28.8,18.7,81,23.5,27.9,19.4,82,25.3,30.2,20.8,78,25.6,30.4,21.6,80
2024-05-01,1236671.0,24.5,27.3,21.4,88,23.8,27.1,20.3,77,24.0,26.2,21.6,89,24.3,26.7,23.3,92
2024-05-02,1208401.0,24.4,26.0,23.1,88,22.8,27.4,18.4,81,24.0,26.0,21.9,90,24.9,26.1,23.8,91
2024-05-03,1207162.0,22.7,23.8,20.9,90,23.5,26.9,19.4,82,23.5,25.8,22.0,90,24.0,25.6,23.2,94
2024-05-04,1165392.0,24.2,27.9,20.8,85,23.0,26.6,19.7,83,23.9,26.9,22.0,89,24.7,27.5,22.4,89
2024-05-05,1132508.0,24.1,25.5,22.7,89,23.0,27.7,19.0,80,23.6,27.9,19.2,86,23.6,26.7,21.0,87
2024-05-06,1276604.0,25.8,29.2,22.8,86,24.9,28.7,20.9,82,26.1,29.9,23.5,83,26.1,29.5,23.3,86
2024-05-07,1354146.0,26.8,29.9,24.8,86,27.5,32.0,23.1,67,27.3,32.4,23.3,79,27.0,31.0,23.6,81
2024-05-08,1387654.0,27.2,30.1,25.0,85,27.8,32.8,24.1,78,27.5,32.0,24.5,83,27.5,31.7,24.5,84
2024-05-09,1348830.0,27.3,30.4,24.9,87,23.3,27.0,20.2,84,28.1,32.7,25.0,79,28.6,34.5,25.2,78
2024-05-10,1234574.0,26.3,30.8,22.7,75,22.5,27.6,17.5,57,24.5,28.5,21.2,65,25.9,29.4,23.1,67
2024-05-11,1132252.0,23.5,26.3,21.4,68,21.9,26.4,18.0,63,23.0,27.6,19.9,65,23.5,26.8,20.9,67
2024-05-12,1109407.0,23.8,27.3,21.0,88,18.9,19.9,18.2,90,22.3,25.7,20.0,89,24.4,29.0,20.4,85
2024-05-13,1201752.0,24.6,29.6,20.8,90,22.1,27.6,18.3,80,22.5,26.2,19.5,89,24.1,28.3,21.3,87
2024-05-14,1229440.0,24.3,31.0,18.0,75,23.0,29.0,17.5,63,24.7,33.1,17.1,62,25.0,33.4,16.8,66
2024-05-15,1299162.0,25.3,32.2,17.5,74,24.6,31.6,17.4,63,26.2,33.6,19.1,59,25.8,32.7,18.3,62
2024-05-16,1179654.0,24.3,27.9,21.0,89,20.9,24.5,18.4,84,22.9,27.1,19.2,87,24.2,27.6,20.5,87
2024-05-17,1112501.0,21.7,23.5,19.9,90,22.4,28.9,16.4,73,22.9,29.5,17.3,77,23.4,30.7,18.5,76
2024-05-18,1251067.0,24.8,31.8,18.7,83,26.0,32.7,19.7,72,26.9,34.6,20.3,73,26.8,35.2,19.0,71
2024-05-19,1333849.0,26.6,32.0,21.0,76,27.5,32.3,22.4,70,28.0,33.1,23.1,71,28.3,33.9,22.9,70
2024-05-20,1399235.0,26.6,31.8,21.6,79,27.3,31.8,22.3,65,27.7,33.6,21.4,69,28.1,33.9,22.4,70
2024-05-21,1437750.0,28.2,31.2,26.1,84,27.5,31.5,23.7,75,29.2,34.7,25.2,73,29.2,34.9,25.0,74
2024-05-22,1411450.0,28.2,31.0,26.2,84,26.0,29.4,22.5,86,29.1,34.5,26.0,75,29.2,34.3,25.8,76
2024-05-23,1409740.0,28.4,31.4,26.2,82,25.6,29.5,21.2,81,28.8,33.4,25.7,73,29.1,33.6,25.4,76
2024-05-24,1453420.0,28.6,31.8,26.2,82,27.2,31.5,24.3,79,29.5,36.5,25.8,75,30.4,36.1,25.7,74
2024-05-25,1429381.0,28.9,32.8,26.2,82,27.3,32.3,22.0,82,30.4,37.2,25.4,71,30.6,37.0,25.7,71
2024-05-26,1447251.0,29.0,32.4,26.7,80,30.0,35.8,25.5,65,29.7,35.2,25.6,74,29.4,34.8,25.3,77
2024-05-27,1487240.0,29.7,34.6,26.0,83,29.0,34.1,23.6,76,30.3,35.9,26.3,75,30.6,36.7,25.4,76
2024-05-28,1340836.0,26.5,30.4,23.0,85,23.7,27.3,18.3,78,28.7,33.8,24.6,71,28.7,34.5,24.8,71
2024-05-29,1330164.0,25.1,30.1,21.7,85,24.9,30.7,20.3,74,26.7,32.4,20.9,72,27.5,33.8,22.3,72
2024-05-30,1361194.0,26.9,32.1,23.5,83,22.8,24.6,20.7,91,27.8,34.3,23.6,76,28.6,34.9,25.1,77
2024-05-31,1272501.0,24.5,28.6,21.5,83,23.2,28.5,18.3,77,25.2,30.7,19.9,79,26.3,32.5,21.4,78
2024-06-01,1286873.0,25.8,30.6,22.9,87,23.7,27.2,20.5,81,27.3,32.5,22.5,78,27.3,32.5,22.7,80
2024-06-02,1357594.0,28.1,32.5,25.0,85,24.2,30.6,20.4,85,29.2,35.7,25.5,77,30.3,35.7,25.7,72
2024-06-03,1443398.0,28.4,31.9,25.5,82,24.6,30.9,20.9,88,29.9,34.8,26.4,74,29.9,34.9,26.8,75
2024-06-04,1501166.0,28.8,32.3,26.5,83,27.3,32.1,23.7,82,31.3,37.0,27.2,72,31.3,37.7,27.0,73
2024-06-05,1409175.0,27.2,29.3,24.8,84,26.0,32.3,20.4,72,28.0,32.3,25.3,78,29.4,33.7,27.0,75
2024-06-06,1448886.0,27.8,33.6,21.4,74,27.1,34.9,19.4,62,29.0,36.0,22.2,67,29.9,36.0,23.2,68
2024-06-07,1498098.0,28.6,33.8,23.1,75,28.6,34.4,21.8,63,29.5,36.2,22.3,65,30.3,36.5,23.3,62
2024-06-08,1484983.0,28.2,32.8,23.6,79,29.7,35.2,24.4,64,30.4,36.6,24.0,59,29.5,35.9,22.8,65
2024-06-09,1458354.0,27.9,32.0,23.8,83,28.8,34.1,23.6,69,29.6,35.8,23.4,64,29.2,35.5,23.3,68
2024-06-10,1431657.0,27.9,32.5,24.7,82,26.3,29.1,24.0,83,28.8,34.6,25.1,68,28.6,34.8,24.0,70
2024-06-11,1383679.0,27.4,32.4,24.0,83,25.0,27.5,22.1,82,27.1,32.9,23.6,79,28.6,34.7,23.6,68
2024-06-12,1419225.0,26.8,30.7,23.5,84,27.0,31.3,22.9,69,26.2,31.0,22.8,86,28.2,34.0,23.2,74
2024-06-13,1489970.0,28.3,32.9,23.9,80,27.9,33.7,22.2,68,29.5,35.0,24.0,69,29.7,35.1,24.6,69
2024-06-14,1508187.0,28.8,33.3,24.6,75,28.3,34.4,22.0,64,30.1,35.9,25.0,63,30.5,35.8,24.6,61
2024-06-15,1469671.0,28.3,32.9,23.9,76,27.9,33.4,21.6,67,30.4,35.8,24.3,59,29.8,35.3,23.6,65
2024-06-16,1486273.0,28.7,33.2,24.3,77,29.0,33.7,24.4,66,30.7,36.9,24.8,62,30.2,36.3,24.9,66
2024-06-17,1552772.0,28.2,31.2,26.0,79,29.2,34.0,25.0,69,30.6,36.4,25.9,66,30.1,35.2,25.4,69
2024-06-18,1498428.0,27.4,30.5,25.6,79,28.5,33.2,24.1,68,29.1,34.3,24.6,66,29.2,34.1,25.1,67
2024-06-19,1352232.0,26.0,29.2,24.3,91,26.9,30.9,23.4,74,24.7,26.4,23.3,88,24.8,26.0,23.1,89
2024-06-20,1439806.0,28.1,31.3,25.7,82,28.8,33.2,25.0,69,26.7,31.2,24.1,87,26.3,30.6,23.9,89
2024-06-21,1484093.0,28.1,31.7,24.7,82,29.3,33.9,24.9,64,28.0,33.4,24.5,78,27.7,32.4,24.5,81
2024-06-22,1474618.0,28.4,32.4,25.0,77,29.8,35.0,24.8,62,28.5,33.4,23.5,73,28.5,33.3,23.8,73
2024-06-23,1492641.0,28.2,32.6,23.7,82,30.7,35.9,25.2,60,29.1,34.6,22.8,68,28.7,34.1,22.0,70
2024-06-24,1584569.0,29.0,32.9,25.2,82,30.8,36.2,24.7,60,29.7,34.9,25.2,75,29.8,34.6,25.3,74
2024-06-25,1619012.0,29.2,33.1,25.4,83,31.0,35.4,26.8,68,30.6,35.4,26.4,72,30.3,35.2,25.8,73
2024-06-26,1627065.0,28.8,32.9,26.0,84,31.4,35.8,27.5,68,30.6,35.3,26.4,71,30.2,34.8,26.1,72
2024-06-27,1620602.0,29.5,33.8,25.6,80,30.5,35.1,26.3,70,31.4,37.3,26.0,67,30.9,36.4,25.2,68
2024-06-28,1639833.0,29.5,32.9,26.7,82,31.5,37.1,26.1,63,31.2,36.3,26.3,67,30.6,35.8,25.4,70
2024-06-29,1621819.0,30.2,33.7,27.3,80,31.6,36.0,27.2,65,31.5,37.2,26.9,67,31.2,36.9,26.7,68
2024-06-30,1591011.0,29.9,33.5,26.2,79,31.8,36.3,27.2,62,30.9,36.7,25.9,66,30.2,35.4,25.8,70
2024-07-01,1635576.0,29.9,34.6,25.8,77,31.9,36.7,26.8,59,31.4,37.3,25.0,58,30.2,35.8,23.9,65
2024-07-02,1641833.0,30.2,34.9,26.1,73,32.2,37.5,26.7,57,32.0,38.2,25.2,53,30.9,37.1,24.3,60
2024-07-03,1623599.0,29.3,32.9,25.7,78,32.1,37.1,26.7,54,31.1,37.0,25.1,59,30.1,35.9,24.6,66
2024-07-04,1597761.0,30.2,34.8,26.4,76,31.9,36.3,27.3,60,31.7,37.4,26.2,61,30.8,36.3,25.8,66
2024-07-05,1509447.0,29.8,35.2,24.8,73,27.8,30.3,23.2,68,30.8,37.0,25.7,60,29.7,35.7,24.7,67
2024-07-06,1426515.0,28.4,32.8,25.7,80,27.9,34.0,21.8,63,28.7,36.0,24.4,68,28.7,35.5,24.5,71
2024-07-07,1397421.0,26.8,29.9,25.4,90,29.1,34.4,24.9,68,28.2,35.2,23.4,77,28.0,35.0,22.6,78
2024-07-08,1192360.0,26.1,29.6,24.4,86,25.5,28.6,23.1,77,28.7,34.4,25.1,68,29.9,35.0,25.3,63
2024-07-09,1281942.0,28.6,33.7,23.9,80,27.6,33.7,20.9,66,29.6,36.2,23.4,60,28.9,34.3,25.1,68
2024-07-10,1364110.0,28.5,33.7,24.6,79,29.4,35.4,23.3,60,30.3,35.9,25.0,58,27.7,33.6,24.1,75
2024-07-11,1388534.0,27.3,31.6,24.4,85,30.0,36.1,24.0,59,29.7,35.7,23.4,60,27.5,33.3,22.1,74
2024-07-12,1373966.0,25.9,28.0,24.2,90,29.4,34.9,24.0,63,27.3,31.4,23.9,76,26.7,30.5,23.1,79
2024-07-13,1348906.0,27.0,30.9,24.7,88,29.0,34.9,23.6,68,27.2,31.5,23.3,77,26.5,30.5,23.4,84
2024-07-14,1412959.0,27.9,31.8,24.4,84,30.5,37.0,24.7,63,29.2,34.4,25.4,71,28.2,32.4,25.0,76
2024-07-15,1539648.0,28.8,33.3,25.1,80,31.6,37.6,25.9,58,30.6,36.9,24.8,63,29.6,35.3,24.2,68
2024-07-16,1575877.0,28.9,33.9,24.0,80,32.2,37.8,26.9,54,30.9,37.5,24.5,60,29.5,35.4,23.7,68
2024-07-17,1515100.0,28.2,31.2,25.6,85,29.1,32.8,24.9,70,31.1,37.0,25.2,62,30.0,35.2,24.4,69
2024-07-18,1425626.0,26.8,31.2,23.0,84,27.4,31.4,22.9,74,29.1,35.2,24.3,68,28.6,34.3,25.2,73
2024-07-19,1446932.0,27.9,32.1,24.5,81,27.8,32.8,23.0,64,28.9,34.1,24.2,66,28.8,35.1,24.1,70
2024-07-20,1427660.0,27.8,32.3,24.6,82,27.3,33.3,20.8,59,29.8,36.1,24.0,61,29.4,35.2,24.1,69
2024-07-21,1378675.0,27.6,31.0,24.5,85,26.5,30.3,23.1,71,28.6,34.9,25.0,72,28.4,34.5,24.2,74
2024-07-22,1378988.0,26.8,30.5,23.8,87,25.6,29.5,23.2,83,26.5,29.8,24.4,83,27.8,33.2,24.6,76
2024-07-23,1337930.0,25.9,29.5,24.3,89,25.6,29.0,22.7,83,24.8,26.4,23.5,91,25.8,29.0,24.2,87
2024-07-24,1374455.0,26.1,29.6,24.3,89,27.1,32.6,22.7,76,27.0,31.9,23.3,81,27.4,32.9,23.8,77
2024-07-25,1365305.0,23.9,24.8,22.8,94,27.3,32.1,23.4,77,26.7,30.8,23.8,81,27.2,32.8,23.3,79
2024-07-26,1333630.0,24.7,27.0,22.9,92,25.8,29.7,22.3,75,26.2,30.2,23.2,83,26.7,30.7,23.4,81
2024-07-27,1328452.0,25.1,26.9,24.0,92,27.3,32.4,23.2,74,26.5,30.1,23.2,82,26.2,30.4,23.2,82
2024-07-28,1391201.0,27.1,30.2,24.4,90,28.2,33.3,23.2,72,26.8,30.6,24.4,85,26.9,31.0,23.7,86
2024-07-29,1567428.0,29.4,33.6,26.3,82,30.2,35.4,25.4,68,29.8,34.5,26.1,75,29.6,34.4,26.0,75
2024-07-30,1594712.0,29.5,33.8,26.1,81,30.7,35.6,25.8,65,29.8,34.5,26.1,73,29.4,34.2,25.8,74
2024-07-31,1603284.0,29.4,34.1,26.0,80,30.8,35.7,26.3,64,30.2,35.6,26.3,68,29.8,35.3,25.5,70
2024-08-01,1573093.0,29.2,33.9,24.5,79,30.6,37.2,24.1,58,29.7,35.7,24.7,67,29.3,35.2,23.8,69
2024-08-02,1601966.0,29.7,34.4,24.9,79,31.5,38.5,24.8,58,30.8,36.8,25.2,67,30.2,35.9,24.8,70
2024-08-03,1570755.0,30.1,34.9,25.9,76,30.6,36.9,24.0,58,31.2,37.5,24.4,63,30.6,37.0,23.8,66
2024-08-04,1515658.0,28.9,33.8,25.2,79,30.0,35.7,24.4,57,30.7,36.0,26.5,62,29.8,35.3,25.3,69
2024-08-05,1567616.0,29.8,34.7,25.2,75,29.6,35.4,23.2,59,30.3,35.9,24.4,63,29.6,35.5,23.4,64
2024-08-06,1594097.0,29.6,34.6,24.7,76,30.5,36.8,23.5,56,31.5,37.7,25.3,55,30.7,37.2,24.4,60
2024-08-07,1645608.0,29.9,34.8,25.3,77,31.9,38.5,24.4,51,32.2,39.4,25.2,57,31.6,38.6,24.2,59
2024-08-08,1664317.0,30.2,35.2,25.6,76,32.4,38.6,25.9,53,32.2,38.5,25.4,54,31.6,37.9,24.4,57
2024-08-09,1604956.0,29.9,35.1,25.9,77,29.3,32.1,26.1,66,30.7,37.6,25.9,63,30.6,37.2,24.6,61
2024-08-10,1548306.0,29.6,34.6,25.8,73,29.4,34.9,24.4,61,29.7,36.1,25.2,73,30.8,37.6,24.6,64
2024-08-11,1578943.0,29.0,33.7,24.2,76,29.9,34.9,25.8,62,30.9,36.6,25.5,64,31.3,37.2,26.0,62
2024-08-12,1647440.0,29.1,34.4,24.7,81,30.7,36.5,25.5,61,31.2,38.0,24.8,64,31.1,37.8,25.1,64
2024-08-13,1660451.0,29.0,33.6,25.0,84,31.9,37.6,26.2,59,31.6,38.1,25.9,61,31.1,37.9,25.5,64
2024-08-14,1663955.0,29.2,33.5,25.1,81,32.2,37.5,26.4,56,31.5,37.9,25.7,61,30.8,36.6,25.2,64
2024-08-15,1673147.0,29.3,33.7,25.1,81,32.5,38.0,26.9,54,32.3,38.7,26.1,58,31.4,37.4,25.5,63
2024-08-16,1686077.0,29.7,34.8,25.0,79,33.0,38.5,27.2,55,32.4,38.8,26.1,56,31.3,37.1,25.3,61
2024-08-17,1647223.0,29.7,34.4,24.6,80,32.5,37.8,27.0,54,32.1,38.4,25.9,56,31.1,36.9,25.2,62
2024-08-18,1642343.0,30.0,35.0,25.5,79,32.9,39.8,26.0,52,32.5,38.5,26.5,54,31.6,37.9,25.2,58
2024-08-19,1686565.0,29.3,34.1,24.7,78,33.4,40.1,27.5,46,32.7,39.5,25.7,49,31.1,37.7,23.8,59
2024-08-20,1689909.0,30.5,36.0,25.9,73,32.5,38.8,27.4,54,33.4,40.8,26.5,44,32.0,39.0,24.6,50
2024-08-21,1687940.0,30.4,35.1,25.6,77,30.9,36.5,25.6,53,33.9,41.8,26.3,45,33.4,41.1,25.0,49
2024-08-22,1701086.0,30.5,35.2,26.7,76,31.4,38.4,26.0,51,34.0,41.9,26.9,49,33.5,41.1,26.0,50
2024-08-23,1691391.0,29.8,34.3,26.6,75,31.7,38.1,27.5,62,31.5,38.3,27.0,63,31.3,38.1,26.3,63
2024-08-24,1577824.0,29.1,33.9,25.1,73,31.2,37.1,25.9,58,30.7,36.6,25.5,63,30.6,36.1,24.9,63
2024-08-25,1547176.0,28.9,34.4,24.0,73,31.0,37.0,25.4,52,30.6,36.6,23.9,57,29.7,35.6,23.9,65
2024-08-26,1520365.0,26.4,28.8,24.6,85,30.0,35.2,24.2,54,28.2,33.4,24.3,67,27.5,32.0,23.6,73
2024-08-27,1487933.0,26.6,29.7,24.3,89,28.9,34.7,23.7,63,26.8,32.9,23.3,76,26.1,31.8,22.3,78
2024-08-28,1493083.0,26.9,31.2,24.4,87,29.3,35.6,23.3,64,28.0,34.8,23.6,75,26.7,33.1,23.1,82
2024-08-29,1466699.0,25.9,28.3,24.0,90,28.3,33.8,24.4,68,27.9,33.9,23.0,73,27.5,33.9,22.7,76
2024-08-30,1454619.0,25.9,29.1,24.1,89,27.9,33.2,23.9,71,28.6,33.7,24.0,72,28.7,34.1,23.8,73
2024-08-31,1433396.0,26.7,30.9,24.1,86,29.0,33.8,24.0,63,29.0,33.9,23.8,68,28.9,34.1,24.4,68
2024-09-01,1393492.0,26.7,30.3,24.3,89,28.2,33.0,24.3,70,28.9,34.7,24.0,68,29.0,34.7,24.3,68
2024-09-02,1371120.0,27.2,30.2,24.8,86,27.4,31.3,23.8,74,27.8,32.1,25.1,79,27.1,30.4,25.1,82
2024-09-03,1339874.0,27.6,31.1,24.7,84,24.5,27.3,23.2,83,26.8,31.0,24.4,86,25.9,29.6,24.6,91
2024-09-04,1324943.0,27.2,30.3,25.0,87,23.2,25.3,21.3,82,25.9,29.1,23.4,83,26.0,28.9,23.4,86
2024-09-05,1357410.0,26.0,28.1,24.9,92,26.3,31.9,22.7,76,26.3,30.7,24.1,80,26.8,30.0,23.5,76
2024-09-06,1355611.0,25.3,27.7,23.3,91,26.7,31.6,23.0,70,27.2,32.9,23.6,74,28.0,33.0,24.0,71
2024-09-07,1268895.0,25.4,30.7,21.2,71,24.9,29.9,19.8,49,26.6,32.6,22.0,59,27.1,32.6,22.6,59
2024-09-08,1196692.0,24.7,29.9,20.2,60,22.1,28.6,15.6,47,23.5,30.0,17.5,47,24.0,29.8,18.7,50
2024-09-09,1246332.0,25.2,31.1,19.4,57,21.5,29.7,13.2,47,23.4,31.1,15.5,45,23.5,30.2,16.5,50
2024-09-10,1298817.0,25.4,28.0,22.9,76,23.5,32.4,13.4,52,25.8,33.0,18.9,51,26.5,32.3,20.6,51
2024-09-11,1330083.0,25.5,28.6,23.9,90,24.1,28.1,20.2,79,27.1,32.7,23.7,71,27.8,33.5,23.4,65
2024-09-12,1349608.0,25.0,29.5,22.2,84,24.3,30.0,20.6,71,26.9,33.9,21.6,68,27.2,33.5,21.8,69
2024-09-13,1425619.0,26.5,33.4,20.0,80,26.4,34.3,18.4,63,27.8,35.6,20.3,66,28.5,35.4,21.9,67
2024-09-14,1462155.0,28.6,33.8,24.9,80,29.0,34.9,23.6,59,29.8,35.4,24.7,64,28.9,34.3,24.1,71
2024-09-15,1431796.0,28.0,33.2,24.7,79,28.1,33.7,22.9,62,30.2,36.9,25.4,62,28.2,33.5,24.7,73
2024-09-16,1451937.0,27.7,33.0,23.2,80,26.4,32.6,21.1,67,29.2,35.5,23.1,64,28.0,34.2,22.2,69
2024-09-17,1454103.0,27.6,33.2,22.7,77,26.3,31.7,21.6,70,29.3,34.9,23.5,62,28.4,34.3,22.5,66
2024-09-18,1504436.0,28.1,33.9,23.2,80,28.0,34.5,21.9,66,30.2,36.1,24.7,64,29.3,35.2,23.9,71
2024-09-19,1555351.0,28.4,33.9,23.6,82,30.1,36.2,24.6,59,30.3,36.7,25.1,66,29.4,34.6,25.5,74
2024-09-20,1547711.0,28.3,33.8,23.5,80,30.3,36.4,24.4,58,30.4,36.6,25.3,66,29.3,34.1,25.4,74
2024-09-21,1496568.0,27.7,33.1,23.5,81,29.8,35.4,24.2,57,29.8,35.8,24.0,63,29.0,34.1,24.6,71
2024-09-22,1453849.0,27.4,32.3,22.9,79,29.1,34.4,24.3,59,29.4,35.3,23.9,64,28.8,34.4,24.1,69
2024-09-23,1399205.0,27.1,31.7,23.0,83,24.4,26.8,22.0,78,28.2,33.0,24.6,67,28.1,32.9,23.4,70
2024-09-24,1421382.0,27.2,32.7,23.6,83,25.8,32.4,20.5,69,28.2,34.9,22.7,67,28.3,34.4,23.0,68
2024-09-25,1376156.0,26.1,32.0,22.8,86,23.7,28.4,21.1,70,27.3,32.4,23.5,65,27.9,34.8,22.5,66
2024-09-26,1287326.0,24.7,30.0,20.7,66,23.0,29.5,16.3,60,24.9,31.4,19.0,52,24.5,31.5,18.6,55
2024-09-27,1273545.0,23.4,30.9,16.4,64,23.6,30.6,16.8,55,24.9,34.0,16.2,48,24.6,33.8,15.6,51
2024-09-28,1261673.0,24.2,32.0,16.7,61,24.4,31.9,17.4,51,25.5,34.4,17.1,48,25.7,34.3,17.6,48
2024-09-29,1265624.0,24.1,32.2,15.8,58,24.5,31.9,17.5,53,25.6,34.7,17.2,45,25.4,34.2,17.1,45
2024-09-30,1352876.0,25.1,32.3,18.3,68,25.4,33.1,16.9,56,26.7,35.2,18.5,49,25.6,34.0,16.8,49
2024-10-01,1360546.0,26.1,33.4,19.5,71,26.1,33.5,18.2,52,27.4,35.6,18.4,49,26.3,34.2,17.9,55
2024-10-02,1350307.0,25.9,32.3,20.7,67,25.4,32.2,18.7,49,27.1,34.1,20.4,49,26.4,32.8,19.7,50
2024-10-03,1381479.0,25.8,32.4,19.9,69,26.5,33.7,20.1,57,27.4,34.6,20.1,51,25.8,32.3,18.4,63
2024-10-04,1359568.0,26.5,30.9,22.5,75,25.5,33.1,18.0,46,27.2,34.9,19.1,45,26.5,34.2,19.3,52
2024-10-05,1319361.0,26.0,30.1,23.0,80,25.6,32.7,18.1,55,27.5,34.0,21.3,51,27.1,33.7,21.8,58
2024-10-06,1341579.0,26.9,33.3,21.9,68,26.5,32.7,20.4,59,27.3,34.3,20.2,59,27.0,34.1,20.2,61
2024-10-07,1358588.0,26.3,33.2,20.3,59,25.7,32.5,19.6,55,27.1,34.5,19.6,49,26.8,33.7,19.8,49
2024-10-08,1296868.0,24.1,30.8,19.9,51,23.4,29.7,17.6,45,26.4,33.9,19.8,49,26.4,34.1,18.5,50
2024-10-09,1256211.0,22.4,31.1,14.4,48,23.0,30.5,16.1,44,24.7,33.7,16.7,40,24.9,33.5,16.4,43
2024-10-10,1288665.0,23.1,31.7,15.9,52,24.5,32.4,17.9,44,26.3,35.3,17.3,38,25.8,34.4,15.8,43
2024-10-11,1295385.0,22.8,31.5,14.5,67,24.8,32.3,17.5,42,25.7,34.3,17.2,46,24.8,33.0,16.5,56
2024-10-12,1290288.0,23.1,31.4,15.7,76,26.6,34.7,19.6,44,26.4,35.5,17.4,50,24.7,34.0,16.0,59
2024-10-13,1308700.0,24.9,33.1,18.0,73,26.9,36.4,19.2,41,28.1,37.8,19.8,49,26.0,35.4,18.2,57
2024-10-14,1310093.0,26.1,35.5,19.7,67,23.1,28.2,18.9,35,27.0,35.8,19.1,36,25.9,35.8,17.1,41
2024-10-15,1306577.0,25.2,34.8,17.3,61,23.4,33.6,14.8,48,26.3,36.9,16.7,41,25.2,34.5,16.7,44
2024-10-16,1112202.0,19.1,23.4,14.9,40,15.7,21.3,11.2,36,20.0,23.0,15.3,37,21.2,25.0,16.9,42
2024-10-17,1077689.0,15.8,23.0,9.2,46,14.4,22.3,7.1,41,17.9,25.4,10.9,36,18.5,25.1,12.5,42
2024-10-18,1110916.0,19.1,25.6,13.0,67,18.0,25.9,10.3,43,20.9,28.3,13.0,57,20.9,26.9,14.5,65
2024-10-19,1118671.0,21.1,27.8,15.9,69,19.6,26.7,13.6,39,22.9,29.3,17.0,60,23.4,28.5,19.0,66
2024-10-20,1133939.0,21.1,28.5,15.8,66,19.8,28.2,11.2,49,22.4,30.1,15.7,58,23.1,29.6,17.7,65
2024-10-21,1204976.0,20.2,28.8,13.5,72,20.6,28.7,12.2,51,21.9,30.3,13.1,60,22.2,30.0,14.8,69
2024-10-22,1255994.0,21.3,29.3,14.2,79,23.9,31.3,18.4,63,24.3,30.8,19.4,70,23.7,30.0,19.1,76
2024-10-23,1303232.0,22.5,30.3,16.9,80,25.3,32.6,18.7,60,24.7,32.4,18.4,66,23.9,31.2,17.2,71
2024-10-24,1310617.0,21.8,29.5,15.6,79,25.2,31.9,18.7,59,25.0,31.7,20.2,65,24.4,30.6,19.4,71
2024-10-25,1310264.0,23.8,31.1,18.7,79,25.2,31.3,19.8,58,25.2,32.7,20.1,64,24.2,31.6,18.2,68
2024-10-26,1251704.0,23.9,31.4,19.4,81,23.7,29.6,19.1,58,25.8,33.2,19.5,59,24.2,31.8,17.8,68
2024-10-27,1242386.0,23.2,30.8,18.0,77,23.0,30.7,16.0,65,26.2,33.4,19.4,57,24.7,32.2,17.4,65
2024-10-28,1315588.0,23.9,30.4,18.3,80,25.7,30.9,20.7,55,25.3,32.2,19.7,64,24.1,31.8,17.6,70
2024-10-29,1350897.0,25.8,29.8,22.9,70,26.2,30.3,23.0,63,26.3,31.3,23.1,70,25.4,30.6,22.0,78
2024-10-30,1367194.0,25.5,28.2,23.9,85,26.1,31.6,23.0,69,27.4,32.6,23.7,69,26.4,30.8,23.3,76
2024-10-31,1268349.0,24.7,27.2,22.5,89,20.1,25.4,15.9,69,25.7,30.6,23.0,69,25.8,30.5,23.3,75
2024-11-01,1183257.0,23.6,26.4,21.8,88,19.0,23.2,15.0,76,23.0,26.8,20.6,76,23.8,27.0,21.2,77
2024-11-02,1190481.0,24.0,26.7,22.0,90,22.4,26.2,19.9,84,24.2,28.5,22.0,85,24.6,28.1,22.4,86
2024-11-03,1287715.0,25.5,27.9,23.7,88,24.1,27.1,22.5,81,26.3,31.1,23.3,74,25.8,30.2,23.1,80
2024-11-04,1299817.0,26.3,28.6,25.0,84,23.2,27.1,19.2,82,25.8,31.0,18.9,78,26.1,32.3,19.3,77
2024-11-05,1138532.0,22.4,25.4,18.3,79,17.3,20.3,12.8,74,18.5,23.5,14.7,65,18.4,24.5,13.3,67
2024-11-06,1123771.0,22.7,28.1,17.9,74,16.1,23.7,9.0,70,18.3,27.0,10.5,57,17.6,26.3,8.6,62
2024-11-07,1208736.0,25.6,29.4,23.3,85,18.5,22.0,14.5,86,23.6,29.8,20.3,77,24.4,29.7,19.9,78
2024-11-08,1212411.0,25.4,28.9,23.5,88,20.1,22.3,16.6,94,23.6,30.7,18.9,79,22.5,28.7,18.6,81
2024-11-09,1093575.0,22.5,27.1,18.6,84,16.7,22.3,10.9,59,19.8,26.3,15.5,45,20.0,26.2,16.3,51
2024-11-10,1105241.0,23.4,27.7,21.2,88,18.5,26.6,11.3,62,21.8,30.3,15.8,52,22.0,30.3,14.2,56
2024-11-11,1152926.0,22.0,28.2,18.5,80,17.4,25.2,11.0,65,21.4,29.2,16.0,60,21.6,29.0,16.5,73
2024-11-12,1133955.0,19.9,26.2,14.9,71,16.9,24.2,10.2,68,21.0,28.6,14.2,62,21.5,27.7,16.2,74
2024-11-13,1142708.0,20.3,27.9,13.9,74,18.2,25.1,13.4,61,21.7,30.5,16.2,56,21.7,30.1,15.8,64
2024-11-14,1074549.0,17.6,23.8,12.3,52,14.8,22.2,8.2,53,17.3,25.5,10.9,41,17.0,24.6,11.1,47
2024-11-15,1067233.0,15.1,23.1,8.9,67,13.6,22.4,6.0,59,16.0,25.4,7.4,45,15.4,24.9,7.4,50
2024-11-16,1068474.0,19.6,26.0,12.8,78,16.4,23.6,9.9,70,19.9,27.9,12.7,68,19.1,26.9,12.0,73
2024-11-17,1130639.0,24.5,27.8,22.1,89,21.0,25.0,17.5,88,23.1,30.0,17.7,80,22.3,29.2,16.7,80
2024-11-18,1170150.0,23.9,26.6,19.7,87,20.4,23.4,15.1,71,22.0,26.0,15.0,66,21.9,25.1,14.4,66
2024-11-19,1083425.0,18.7,26.7,12.1,71,16.3,23.6,9.6,60,17.9,28.6,9.8,47,17.6,28.0,9.3,49
2024-11-20,1051124.0,15.7,20.3,10.3,49,12.6,18.3,7.9,45,14.5,20.4,7.6,41,14.6,20.7,7.8,43
2024-11-21,1083483.0,12.2,21.1,4.7,52,11.2,21.2,3.0,57,12.2,22.9,3.6,47,11.8,21.3,3.4,49
2024-11-22,1084575.0,14.0,22.7,7.1,56,11.2,19.4,5.2,56,14.3,25.1,6.5,47,14.1,23.7,5.3,51
2024-11-23,1070450.0,14.7,23.6,7.2,72,13.9,23.9,5.5,57,15.7,26.0,6.1,57,15.7,25.1,7.7,67
2024-11-24,1082650.0,19.9,26.9,13.3,75,19.6,26.5,13.9,69,20.6,28.2,14.9,72,19.6,27.2,13.8,77
2024-11-25,1135250.0,21.8,28.6,15.9,77,14.2,20.5,8.2,75,18.7,26.8,10.5,71,19.3,27.8,12.7,74
2024-11-26,1102387.0,13.7,19.5,9.3,70,9.4,16.1,3.2,62,12.4,19.3,6.1,60,12.5,17.2,8.2,63
2024-11-27,1117649.0,19.8,27.2,13.2,86,17.3,26.8,11.6,62,19.6,26.3,14.2,69,18.3,24.8,12.6,73
2024-11-28,1059837.0,16.6,21.7,12.6,68,9.0,13.5,6.7,54,12.7,18.7,9.5,48,13.9,18.2,10.9,50
2024-11-29,1093072.0,11.1,15.4,7.9,55,6.4,12.6,1.4,54,9.1,15.0,4.6,45,9.6,14.7,5.6,45
2024-11-30,1102232.0,10.6,16.4,5.2,65,7.5,15.7,1.7,56,10.8,18.1,5.0,53,11.3,17.3,6.6,55
2024-12-01,1083439.0,14.5,19.9,10.2,68,8.9,17.8,1.8,61,14.4,21.7,8.7,67,15.2,20.9,10.6,72
2024-12-02,1131211.0,11.7,19.1,6.5,64,9.5,18.3,2.8,63,12.9,20.4,6.1,58,14.7,20.0,8.8,59
2024-12-03,1131098.0,12.5,18.9,6.6,60,9.1,16.3,2.8,62,13.5,17.7,8.6,47,13.4,16.5,10.8,56
2024-12-04,1127639.0,18.1,21.4,13.4,85,10.8,11.7,9.9,87,13.7,15.4,12.2,90,14.3,17.0,11.7,94
2024-12-05,1125011.0,16.7,19.6,13.6,81,10.0,13.4,5.3,66,14.0,16.3,11.6,81,14.5,15.7,13.8,87
2024-12-06,1216171.0,10.2,14.2,6.1,47,5.3,10.6,0.2,50,9.4,12.6,6.1,52,9.9,13.6,7.7,60
2024-12-07,1199583.0,8.7,12.0,6.6,74,7.0,8.4,5.9,81,7.3,8.4,6.3,90,7.3,7.9,6.3,91
2024-12-08,1135126.0,13.7,16.2,11.2,97,9.4,12.9,7.2,94,10.8,15.2,7.7,94,10.3,13.7,7.6,96
2024-12-09,1125799.0,18.9,24.4,15.5,91,13.9,22.5,9.9,79,16.3,27.6,10.3,74,14.6,25.3,8.6,82
2024-12-10,1176841.0,15.4,20.0,9.0,78,8.6,10.9,4.2,69,11.6,15.3,6.9,64,11.8,16.1,8.1,63
2024-12-11,1241049.0,9.0,16.4,3.1,53,7.2,15.6,1.1,52,9.0,17.9,2.5,46,8.9,17.7,1.8,49
2024-12-12,1223064.0,9.4,17.4,0.8,69,9.4,16.5,3.1,44,10.5,18.6,1.1,52,10.0,19.3,-0.4,59
2024-12-13,1142979.0,16.4,18.5,12.9,86,12.5,14.6,10.9,79,16.6,19.0,14.2,87,16.8,19.9,14.1,92
2024-12-14,1085928.0,21.0,24.7,18.4,86,17.2,22.8,10.9,75,21.2,25.2,19.0,92,21.0,24.2,19.2,93
2024-12-15,1116387.0,22.1,26.6,19.3,86,17.7,23.9,9.4,85,22.2,25.7,20.1,88,21.7,24.6,19.9,91
2024-12-16,1151988.0,21.8,27.0,19.0,86,21.1,25.3,17.2,83,22.4,26.2,20.0,83,21.9,26.0,19.9,85
2024-12-17,1136804.0,21.2,26.3,18.6,90,18.3,24.3,13.9,83,21.6,26.7,18.0,79,21.0,25.8,18.0,85
2024-12-18,1117331.0,18.1,24.4,14.5,87,13.3,18.8,7.3,65,17.6,19.7,12.0,71,18.2,20.3,13.5,73
2024-12-19,1148192.0,13.1,18.1,8.5,78,8.7,16.4,1.8,71,11.8,20.0,4.9,59,12.5,19.7,6.0,57
2024-12-20,1142962.0,13.1,20.3,8.3,69,8.5,14.2,4.9,60,12.1,19.8,7.2,60,12.8,20.6,7.5,61
2024-12-21,1155847.0,9.2,15.6,5.1,59,5.9,12.9,0.1,60,9.1,17.4,2.4,54,10.4,18.2,4.4,53
2024-12-22,1122134.0,10.4,18.5,4.4,72,9.7,16.4,4.6,60,13.6,20.7,7.0,64,13.9,20.9,7.7,73
2024-12-23,1099673.0,16.1,22.9,10.0,78,15.7,20.2,12.1,71,18.9,24.9,14.5,71,18.9,24.9,14.4,77
2024-12-24,1067566.0,19.3,22.8,16.9,86,16.2,18.0,12.4,87,19.7,25.3,17.1,83,19.5,25.3,16.0,83
2024-12-25,1018790.0,17.3,19.4,15.3,90,12.0,13.6,10.8,89,15.3,17.5,13.1,83,15.7,18.8,13.5,82
2024-12-26,1077305.0,19.2,21.5,17.3,93,13.7,15.1,12.1,93,17.6,25.3,12.9,78,17.1,24.4,12.4,79
2024-12-27,1093843.0,18.4,25.5,10.9,85,13.7,22.1,8.6,75,15.9,27.9,6.9,70,15.7,26.4,6.4,65
2024-12-28,1079096.0,21.2,25.2,13.7,90,15.1,16.7,11.9,87,20.9,27.5,15.8,63,21.0,28.0,14.7,64
2024-12-29,1039828.0,14.1,19.0,11.7,91,13.2,19.1,10.2,88,16.2,25.1,9.0,56,16.0,25.6,8.2,48
2024-12-30,1100926.0,18.6,27.4,12.2,84,16.7,27.1,10.7,60,18.7,32.8,10.8,43,16.7,29.4,8.1,50
2024-12-31,1075203.0,17.1,22.3,13.0,65,11.0,14.6,7.2,55,14.8,20.6,11.1,38,15.4,22.1,11.1,35
2025-01-01,1086807.0,11.8,17.3,7.8,64,6.5,11.1,2.6,70,10.2,16.0,6.1,59,11.3,16.9,7.1,55
2025-01-02,1147154.0,12.4,15.8,9.1,77,7.9,16.1,1.4,75,11.3,17.2,5.0,68,12.7,17.1,8.7,65
2025-01-03,1106968.0,17.4,21.8,15.1,77,11.3,17.7,5.4,74,15.3,18.8,13.0,85,15.3,18.1,12.9,86
2025-01-04,1065018.0,18.1,21.7,15.4,81,15.3,18.8,12.9,71,18.1,21.9,15.3,86,18.3,22.2,15.0,87
2025-01-05,1136098.0,19.2,25.8,8.2,74,10.0,18.9,-1.5,65,16.8,22.3,6.7,60,17.8,24.2,10.4,63
2025-01-06,1457315.0,3.3,7.5,-0.4,52,-1.1,4.5,-5.4,51,2.9,8.4,-1.5,44,4.8,10.2,0.1,40
2025-01-07,1463131.0,4.3,9.7,-0.6,52,-0.2,4.3,-4.1,54,3.4,9.1,-1.0,42,4.2,9.6,-0.6,39
2025-01-08,1485726.0,4.5,6.3,2.9,57,0.8,5.0,-2.4,54,3.5,6.1,1.4,45,4.6,6.6,2.8,44
2025-01-09,1508685.0,5.4,6.3,3.6,73,0.9,2.2,-0.4,82,3.6,4.7,2.4,67,3.9,5.7,2.6,67
2025-01-10,1522174.0,4.3,5.7,2.6,81,1.1,3.5,0.1,88,4.3,6.8,2.7,76,4.9,7.8,2.4,74
2025-01-11,1383920.0,5.5,13.0,-0.8,70,3.7,12.2,-3.6,66,6.0,14.9,-1.7,56,5.4,14.2,-2.6,60
2025-01-12,1247661.0,9.7,13.7,3.7,91,6.7,11.7,2.4,61,8.8,16.8,1.7,59,9.0,18.2,1.2,59
2025-01-13,1283509.0,10.6,16.1,6.2,66,4.7,10.9,-0.8,56,8.5,13.9,4.5,52,9.5,15.0,5.8,55
2025-01-14,1316513.0,8.4,11.4,4.3,63,4.8,12.7,-2.2,62,7.4,13.0,1.3,55,8.1,12.6,3.7,55
2025-01-15,1242465.0,10.7,12.5,9.1,69,7.4,15.7,-0.1,59,11.5,16.5,7.8,52,11.2,15.5,8.5,61
2025-01-16,1229520.0,10.2,18.1,3.6,63,7.6,17.2,0.0,62,9.5,18.1,2.2,54,10.1,18.4,2.7,54
2025-01-17,1211209.0,12.6,19.5,4.8,77,10.8,16.1,5.9,55,12.1,15.8,8.2,63,12.0,16.2,8.5,66
2025-01-18,1181885.0,15.7,18.1,10.1,69,7.4,15.3,1.2,52,12.1,17.0,8.4,46,13.1,19.5,8.6,53
2025-01-19,1483428.0,3.9,8.3,0.3,43,-2.0,1.5,-5.1,45,2.0,6.6,-1.5,37,3.4,8.2,-0.6,38
2025-01-20,1674205.0,0.6,3.1,-2.5,45,-2.7,0.7,-6.1,41,-1.2,1.8,-4.3,44,-0.9,1.9,-3.7,46
2025-01-21,1647906.0,-1.6,1.6,-6.6,74,-2.5,0.7,-4.9,49,0.3,4.2,-2.5,55,0.2,4.4,-2.1,62
2025-01-22,1549289.0,-2.0,6.3,-10.0,69,1.2,10.5,-4.8,50,2.6,11.0,-4.6,53,2.1,10.4,-4.6,60
2025-01-23,1400399.0,4.8,13.8,-2.1,64,3.4,10.7,-3.0,53,6.2,13.8,0.5,43,6.4,14.2,0.7,44
2025-01-24,1374893.0,6.1,13.9,-1.1,53,4.7,14.6,-4.5,49,6.6,15.7,-2.1,37,6.0,14.6,-3.1,41
2025-01-25,1264284.0,9.4,15.2,2.3,78,8.6,14.9,2.4,54,9.0,15.4,1.9,62,9.9,18.0,1.0,66
2025-01-26,1159265.0,16.9,19.9,14.0,93,8.5,10.3,6.0,91,12.5,15.4,10.3,88,15.5,19.2,11.8,89
2025-01-27,1250717.0,12.7,15.8,11.2,89,6.1,11.1,1.2,57,9.1,11.1,7.2,73,9.6,10.9,8.1,80
2025-01-28,1197092.0,13.1,15.5,11.5,87,11.0,14.3,8.2,62,10.5,12.1,9.3,85,10.2,11.7,9.1,94
2025-01-29,1139746.0,17.3,22.4,13.2,92,13.9,17.5,12.0,92,15.8,20.6,12.2,98,16.2,20.4,12.0,98
2025-01-30,1101070.0,19.8,22.4,13.3,91,15.9,19.5,13.9,75,18.0,20.7,13.7,74,18.0,21.9,12.1,72
2025-01-31,1116746.0,15.6,21.1,10.8,57,13.0,18.9,9.2,47,14.7,22.7,9.9,39,14.6,23.6,7.9,43
2025-02-01,1100027.0,13.2,22.6,5.1,64,11.8,21.4,2.7,54,13.5,24.6,3.0,47,13.1,24.2,3.1,52
2025-02-02,1066478.0,15.8,25.3,7.1,78,16.5,25.2,8.3,50,17.1,27.4,7.9,55,16.3,26.6,6.7,62
2025-02-03,1113320.0,21.4,27.2,16.3,84,20.0,27.6,14.0,68,20.8,28.6,15.4,77,20.2,28.0,13.9,80
2025-02-04,1120311.0,23.1,27.3,20.9,85,16.7,20.8,10.8,87,21.8,26.9,18.4,78,21.4,26.7,17.4,79
2025-02-05,1134444.0,22.6,27.1,20.1,87,15.6,23.4,9.6,85,21.3,26.1,18.1,84,21.4,25.8,18.2,84
2025-02-06,1144869.0,23.2,27.8,20.8,82,21.6,27.4,18.1,80,22.2,28.5,18.2,78,22.0,27.9,18.2,81
2025-02-07,1149772.0,23.1,27.5,20.8,82,17.5,24.0,12.6,86,22.2,27.5,19.1,80,22.4,27.6,19.9,81
2025-02-08,1152232.0,24.0,29.2,20.7,79,20.6,28.0,12.0,70,24.3,30.8,20.2,73,24.1,30.4,20.4,76
2025-02-09,1126918.0,23.1,27.6,20.7,80,8.9,11.5,6.7,74,16.1,20.7,12.1,81,19.2,24.3,14.2,81
2025-02-10,1190852.0,18.2,20.6,16.1,87,5.8,6.6,5.0,92,10.3,12.1,8.5,84,12.1,13.6,10.5,82
2025-02-11,1221131.0,17.7,20.2,16.3,95,6.5,7.1,5.7,89,10.4,11.8,9.3,97,12.9,15.2,11.1,98
2025-02-12,1253392.0,17.4,22.4,11.6,89,5.1,6.9,1.4,86,10.4,18.1,6.8,89,13.6,21.6,9.1,85
2025-02-13,1391105.0,9.5,12.8,6.2,65,0.2,4.2,-4.3,63,4.0,7.2,1.1,61,6.0,8.7,3.3,59
2025-02-14,1307089.0,9.5,14.4,6.7,75,6.4,11.0,1.6,73,6.2,10.2,3.0,71,6.7,9.3,3.8,68
2025-02-15,1141388.0,20.6,25.7,16.0,88,11.9,21.2,6.5,82,14.2,22.7,8.3,79,13.8,22.8,9.0,77
2025-02-16,1236095.0,10.1,15.8,5.7,64,3.2,7.8,-0.7,59,7.9,12.6,3.1,55,9.8,14.7,4.5,52
2025-02-17,1281973.0,9.1,15.2,3.3,68,5.6,13.4,-1.3,59,8.7,17.3,-0.1,64,9.5,18.1,1.3,64
2025-02-18,1281257.0,14.8,16.5,11.5,86,6.2,10.8,-4.0,88,12.4,18.2,1.8,89,14.4,20.3,4.9,87
2025-02-19,1724708.0,2.8,13.0,-0.7,85,-6.8,-4.0,-9.4,73,-3.2,0.4,-5.5,69,-1.0,2.9,-4.2,65
2025-02-20,1703254.0,1.3,6.3,-2.7,59,-5.8,-0.4,-10.8,55,-2.0,2.5,-6.5,54,-0.4,3.9,-4.7,51
2025-02-21,1621566.0,2.9,4.6,1.1,48,-2.2,0.7,-5.1,51,1.3,3.3,-0.4,54,1.8,3.4,0.3,61
2025-02-22,1441859.0,5.0,6.7,3.4,73,4.1,11.4,-1.9,49,3.5,6.2,0.5,71,3.5,6.8,0.8,87
2025-02-23,1211726.0,9.5,12.5,6.9,90,10.0,17.6,4.7,68,10.2,17.6,5.4,81,10.9,18.7,5.8,80
2025-02-24,1156166.0,11.5,18.6,7.9,85,12.4,21.8,5.8,77,14.1,24.4,4.9,70,13.4,23.9,4.5,71
2025-02-25,1102015.0,13.8,23.2,7.2,82,16.4,25.0,8.4,67,16.5,25.5,9.4,70,16.2,26.0,7.7,69
2025-02-26,1099412.0,18.1,26.1,11.5,77,19.2,26.6,13.4,67,19.6,27.2,13.8,72,19.0,27.2,11.9,73
2025-02-27,1076161.0,18.4,22.0,15.2,74,15.7,21.4,11.3,46,17.0,19.6,13.5,54,17.1,20.7,14.0,58
2025-02-28,1092946.0,16.5,23.7,9.6,58,14.3,23.8,4.2,51,16.2,24.7,7.3,47,16.7,24.4,9.7,45
2025-03-01,1059205.0,18.1,27.5,10.1,69,17.2,26.0,8.4,46,19.5,29.4,9.9,53,19.2,28.1,10.1,55
2025-03-02,1051763.0,17.4,22.2,13.0,69,17.2,23.6,12.3,50,20.7,27.1,15.0,60,20.8,27.3,14.7,63
2025-03-03,1130424.0,20.9,25.4,17.5,81,16.5,21.3,12.3,83,21.6,25.1,19.2,81,21.7,25.6,19.4,83
2025-03-04,1094259.0,21.5,25.0,18.6,62,17.5,21.1,11.0,61,21.1,24.7,16.0,49,20.9,24.8,15.1,50
2025-03-05,1088743.0,15.5,20.3,10.7,41,10.9,16.3,6.8,44,16.0,22.4,11.2,32,16.6,23.0,12.1,33
2025-03-06,1121855.0,12.8,19.6,6.0,55,12.1,18.8,4.2,48,15.1,23.8,5.9,42,16.3,25.6,6.5,47
2025-03-07,1116479.0,19.6,25.0,13.1,80,19.3,26.9,14.1,62,21.8,29.4,16.6,65,21.7,29.1,16.3,69
2025-03-08,1127286.0,21.6,26.1,17.8,90,11.3,17.9,8.5,78,19.9,27.1,11.1,77,21.7,30.0,14.1,65
2025-03-09,1052238.0,12.5,15.0,11.1,73,9.2,13.6,7.0,80,11.4,17.9,6.7,59,13.2,20.3,7.0,50
2025-03-10,1124589.0,13.7,21.7,5.4,63,12.7,22.8,2.4,59,14.8,26.1,3.5,48,14.3,25.0,3.2,47
2025-03-11,1108907.0,16.0,24.9,6.6,70,17.9,26.4,8.6,42,18.8,28.5,8.1,40,18.2,28.5,6.6,45
2025-03-12,1133372.0,19.8,26.3,14.2,79,20.5,27.3,14.7,61,22.7,33.7,14.8,53,22.1,32.4,14.1,58
2025-03-13,1157474.0,22.5,30.2,18.3,77,20.8,28.8,12.2,39,24.2,33.4,15.0,20,22.7,32.5,11.8,26
2025-03-14,1184770.0,23.2,27.6,20.1,83,23.1,29.3,17.9,43,25.8,35.4,19.0,47,25.1,34.4,18.2,49
2025-03-15,1060862.0,22.5,26.9,18.7,54,17.6,21.2,13.1,32,21.7,25.6,17.9,18,21.8,25.5,17.8,20
2025-03-16,1027979.0,16.8,23.3,9.1,42,13.0,19.9,5.5,39,17.9,27.3,7.7,25,17.9,26.9,7.8,28
2025-03-17,1115239.0,17.0,25.9,6.7,61,18.3,27.9,9.3,36,18.6,29.4,7.2,35,18.1,29.3,6.1,35
2025-03-18,1142457.0,19.5,24.9,13.5,70,21.4,27.6,14.6,49,21.7,30.4,14.8,55,22.2,30.9,14.8,55
2025-03-19,1111381.0,21.9,26.8,17.8,53,17.2,20.8,10.7,37,21.2,26.4,16.3,39,21.5,26.7,17.7,39
2025-03-20,1072400.0,14.2,19.8,8.8,33,11.3,17.3,5.0,38,14.4,21.8,6.9,25,14.9,22.0,7.2,26
2025-03-21,1092193.0,14.2,22.4,4.8,52,15.1,24.7,5.9,35,16.7,26.2,6.3,35,16.5,25.8,6.5,39
2025-03-22,1090607.0,18.9,25.6,11.7,73,19.8,27.9,11.1,53,20.8,29.9,12.2,63,20.5,29.7,11.6,68
2025-03-23,1138487.0,23.2,28.2,19.5,79,22.1,27.6,18.1,57,24.1,31.5,19.0,68,23.9,30.4,19.4,71
2025-03-24,1154095.0,22.3,28.0,16.2,75,18.2,26.4,9.7,37,21.5,29.2,14.0,54,22.5,30.0,14.8,59
2025-03-25,1207898.0,21.6,29.8,14.7,78,21.7,31.9,12.2,52,24.2,32.7,15.1,53,23.9,32.2,15.3,57
2025-03-26,1179864.0,21.8,25.9,19.2,82,22.0,27.3,18.2,59,23.4,29.2,19.2,67,21.7,25.7,18.8,85
2025-03-27,1113140.0,20.3,22.0,18.6,85,19.6,25.7,15.9,72,18.8,20.0,17.0,93,18.5,20.1,17.1,95
2025-03-28,1108559.0,21.2,25.4,18.8,81,18.8,21.2,16.6,86,20.2,23.6,17.9,86,20.2,24.9,17.0,84
2025-03-29,1173990.0,23.1,28.3,20.2,86,22.4,27.6,17.5,76,24.2,30.7,18.8,76,24.1,30.6,19.0,79
2025-03-30,1173864.0,24.5,28.0,22.0,85,22.4,26.1,18.4,75,23.3,26.7,20.9,82,23.6,27.9,21.0,84
2025-03-31,1185256.0,24.5,28.4,21.7,81,16.1,21.7,10.1,61,21.2,26.0,18.4,72,23.8,28.4,20.9,76
2025-04-01,1199867.0,23.2,27.2,19.6,86,19.7,27.0,12.5,73,22.2,28.1,16.3,74,23.4,29.2,19.2,76
2025-04-02,1251896.0,25.7,28.3,23.6,81,23.0,24.8,19.9,73,25.6,29.5,23.1,75,25.8,30.8,22.7,75
2025-04-03,1261337.0,26.4,29.4,24.4,80,18.2,22.8,14.9,86,26.5,31.3,23.4,73,26.6,31.6,23.1,76
2025-04-04,1240545.0,26.2,29.0,24.2,80,16.7,22.3,13.7,92,24.0,30.5,18.6,83,26.0,31.3,22.9,78
2025-04-05,1148242.0,22.6,26.0,15.0,88,11.7,14.5,10.0,86,16.0,19.2,11.7,82,18.7,23.0,12.1,77
2025-04-06,1103017.0,12.5,15.6,9.4,71,7.5,9.4,6.2,76,10.1,14.0,7.2,63,11.4,16.5,7.7,57
2025-04-07,1101862.0,13.0,19.3,7.1,55,11.8,18.9,3.7,55,13.2,21.8,4.2,51,14.0,22.9,4.5,50
2025-04-08,1106234.0,15.1,22.9,6.1,55,15.0,23.4,5.7,53,15.9,25.3,4.6,47,16.8,25.8,7.2,45
2025-04-09,1128619.0,18.1,25.9,9.1,63,19.7,27.5,11.6,49,20.8,29.5,11.8,47,20.5,29.4,11.2,51
2025-04-10,1178533.0,20.7,28.2,12.9,71,21.2,28.1,13.9,60,22.8,31.7,13.4,55,22.3,31.3,12.5,60
2025-04-11,1190306.0,22.1,29.8,15.6,60,20.4,26.7,12.5,50,23.6,31.0,14.8,54,23.5,31.5,14.6,57
2025-04-12,1166309.0,20.2,27.8,11.9,59,20.6,27.8,12.4,46,23.9,32.1,14.6,46,23.3,31.6,13.3,53
2025-04-13,1219633.0,22.3,28.3,16.7,77,24.7,32.0,17.1,47,24.9,33.5,17.2,49,24.0,32.5,15.8,55
2025-04-14,1272661.0,23.1,28.4,19.6,71,23.8,30.4,17.9,56,24.6,32.3,18.1,60,24.1,32.2,17.3,65
2025-04-15,1178319.0,21.5,26.4,16.8,75,19.5,23.4,14.9,36,22.8,27.1,19.2,57,22.7,27.6,18.1,68
2025-04-16,1218437.0,21.6,26.2,16.3,76,20.7,27.8,13.2,53,23.4,29.6,17.1,62,22.1,28.8,16.2,71
2025-04-17,1269757.0,23.3,27.7,19.5,75,24.0,28.9,19.2,61,24.3,30.4,19.6,66,23.7,30.0,19.2,71
2025-04-18,1283826.0,25.3,29.1,22.4,76,25.0,29.6,21.0,63,25.8,31.9,20.9,68,25.4,31.7,20.1,72
2025-04-19,1206502.0,24.4,26.9,22.1,81,23.2,26.5,20.0,74,24.2,27.3,21.0,76,24.0,26.9,20.7,79
2025-04-20,1164313.0,25.0,28.6,23.1,81,21.8,25.3,17.9,65,23.5,29.6,20.6,62,22.9,29.3,19.2,67
2025-04-21,1203414.0,23.3,27.7,20.8,85,19.7,27.0,10.4,58,22.9,31.0,14.1,41,23.2,30.9,15.4,46
2025-04-22,1280596.0,24.3,28.6,20.7,84,23.3,30.9,14.9,62,24.8,31.4,19.3,70,24.3,30.4,19.6,77
2025-04-23,1249686.0,23.3,25.2,22.0,87,22.9,27.0,17.6,75,24.7,28.8,20.1,75,23.6,27.6,19.3,81
2025-04-24,1240716.0,24.0,28.3,20.8,85,21.4,24.6,18.9,84,24.9,29.6,22.5,75,24.2,27.8,22.2,82
2025-04-25,1256501.0,24.7,29.5,21.1,82,22.0,27.3,17.6,80,24.5,28.9,20.4,78,24.4,28.4,21.1,81
2025-04-26,1242288.0,24.0,28.3,19.1,80,24.4,28.6,20.5,72,24.8,28.8,20.8,74,24.3,28.9,20.6,81
2025-04-27,1270821.0,24.9,29.2,21.4,81,24.8,28.3,20.6,70,25.7,30.3,21.9,71,25.2,29.9,21.4,75
2025-04-28,1323819.0,24.9,28.0,22.1,82,25.0,27.7,22.5,74,25.9,30.2,22.9,72,25.7,30.3,22.3,75
2025-04-29,1309069.0,24.5,27.2,21.7,80,25.1,28.5,22.2,71,26.1,31.2,22.4,70,25.6,30.4,22.0,74
2025-04-30,1268209.0,25.3,27.9,23.0,81,19.9,23.7,15.4,89,25.1,29.4,23.3,78,26.6,32.3,23.2,75
2025-05-01,1270303.0,25.5,29.4,21.6,79,20.7,27.4,16.3,85,24.4,31.4,21.2,81,25.4,31.8,21.3,79
2025-05-02,1198016.0,24.0,28.2,20.8,80,19.6,21.2,18.0,83,21.7,27.3,18.7,83,22.5,29.4,19.4,82
2025-05-03,1105959.0,21.8,26.8,17.5,64,18.3,23.1,12.0,60,20.8,26.4,16.2,62,21.4,27.1,16.6,60
2025-05-04,1112078.0,20.6,26.7,14.0,57,18.7,24.9,10.6,59,20.3,27.4,13.4,54,20.8,27.2,13.4,53
2025-05-05,1151822.0,20.4,24.9,16.6,79,17.6,21.2,14.7,71,19.8,22.9,16.5,82,21.3,24.0,18.6,83
2025-05-06,1182776.0,24.2,28.2,20.4,87,17.4,19.9,15.8,87,22.7,28.4,18.1,89,25.7,33.0,21.5,74
2025-05-07,1221006.0,23.4,28.2,20.6,83,20.3,25.5,16.5,79,22.7,28.6,18.2,75,24.2,30.2,18.2,66
2025-05-08,1216837.0,24.1,29.8,18.8,77,20.9,25.6,15.9,70,22.8,28.3,17.8,71,23.5,29.2,19.2,69
2025-05-09,1188992.0,23.1,27.3,19.5,69,21.0,25.7,15.8,68,22.4,26.9,18.3,62,23.1,28.6,18.1,57
2025-05-10,1146976.0,22.0,26.1,17.8,70,20.9,26.1,16.2,65,21.9,26.8,16.5,61,22.2,27.7,17.0,58
2025-05-11,1112412.0,20.6,25.3,16.2,62,19.2,23.8,13.3,61,22.0,28.2,15.7,51,22.6,29.8,16.1,48
2025-05-12,1242959.0,21.4,28.4,14.8,69,21.5,27.8,14.4,68,22.9,32.3,12.4,51,23.4,33.0,12.1,43
2025-05-13,1395742.0,25.8,32.4,20.3,75,26.1,34.0,18.6,59,27.7,36.5,18.9,54,27.8,37.4,18.0,56
2025-05-14,1482292.0,26.9,32.4,23.1,71,29.6,35.5,24.8,62,28.5,35.8,22.1,69,28.4,36.1,21.1,69
2025-05-15,1464920.0,27.4,32.4,23.7,81,27.4,31.9,23.7,67,28.1,35.0,22.5,66,28.4,35.3,21.3,66
2025-05-16,1470392.0,28.2,31.6,26.1,79,26.7,31.7,23.7,74,29.9,35.9,24.3,64,29.6,35.9,24.1,67
2025-05-17,1451373.0,28.0,32.0,25.2,79,26.4,32.3,22.5,79,30.1,35.6,26.3,65,29.5,35.5,25.3,70
2025-05-18,1419442.0,27.8,30.7,25.9,78,26.2,28.7,24.3,80,29.0,33.6,25.0,68,28.4,33.5,24.8,71
2025-05-19,1467257.0,27.8,30.2,25.6,79,26.5,29.2,23.8,79,28.5,31.2,25.7,73,28.4,32.9,25.3,75
2025-05-20,1437151.0,28.8,33.4,26.3,77,25.0,28.9,20.2,57,29.3,34.3,25.5,53,30.2,37.0,24.8,51
2025-05-21,1382622.0,25.7,29.3,23.5,76,23.7,31.0,14.4,55,27.6,35.0,20.1,41,28.7,36.2,22.5,43
2025-05-22,1478856.0,27.1,31.4,23.6,80,25.2,31.4,19.7,69,30.1,37.3,23.6,61,29.4,36.2,24.4,69
2025-05-23,1511983.0,27.4,31.3,24.2,82,27.8,33.6,21.1,61,29.4,36.1,22.7,61,28.8,35.0,22.2,65
2025-05-24,1520807.0,28.4,32.0,25.3,80,28.8,33.3,24.8,68,30.7,36.9,25.4,60,30.0,36.4,24.6,65
2025-05-25,1512448.0,28.8,31.7,26.3,79,29.1,35.0,24.6,67,30.8,36.4,26.2,64,29.6,35.6,25.5,69
2025-05-26,1344864.0,26.7,29.0,24.8,82,22.6,27.5,19.0,82,27.6,31.5,23.0,74,28.1,32.9,25.3,74
2025-05-27,1346311.0,25.4,31.4,19.8,77,23.9,29.0,19.2,74,25.8,32.5,19.4,69,25.8,31.6,20.1,75
2025-05-28,1311095.0,24.1,26.4,22.8,87,22.9,26.1,20.4,78,25.0,28.5,22.1,76,25.8,31.2,20.7,74
2025-05-29,1387867.0,26.8,31.9,21.6,78,24.1,29.7,18.8,79,26.8,32.9,21.1,72,26.8,33.0,21.6,74
2025-05-30,1320531.0,26.1,29.3,23.1,83,23.5,28.0,18.9,69,25.4,29.2,22.4,77,25.2,28.7,20.8,80
2025-05-31,1339133.0,26.3,30.5,22.9,74,24.6,30.1,17.6,61,26.2,31.3,20.8,70,26.3,30.7,22.1,75
2025-06-01,1396345.0,26.6,31.5,21.5,79,24.9,30.4,20.6,71,29.2,35.5,22.1,63,28.6,34.4,22.7,70
2025-06-02,1510121.0,27.4,31.4,23.4,77,27.6,33.2,22.5,73,29.6,35.9,23.9,63,28.4,34.1,22.8,72
2025-06-03,1505889.0,27.2,30.6,23.7,77,27.4,31.6,23.8,74,29.2,34.2,25.3,70,28.4,32.7,25.1,75
2025-06-04,1434459.0,27.6,30.5,25.3,80,24.2,26.2,21.2,82,28.4,33.3,25.7,76,28.7,33.8,25.4,76
2025-06-05,1488771.0,28.0,31.5,23.9,79,26.3,31.6,22.5,80,29.7,35.2,24.9,67,29.3,34.8,24.5,69
2025-06-06,1558028.0,28.6,32.5,24.8,79,29.2,33.3,25.7,70,30.6,36.2,25.5,62,29.6,35.0,24.9,68
2025-06-07,1540018.0,29.0,32.9,25.3,77,29.3,32.8,25.4,70,30.7,36.2,25.8,62,29.8,35.3,25.1,68
2025-06-08,1542814.0,29.0,33.2,25.5,77,29.1,33.1,25.2,73,30.9,37.2,25.1,62,30.0,35.8,24.5,67
2025-06-09,1512008.0,27.5,32.9,23.2,80,26.0,31.3,20.7,74,29.5,36.7,23.1,62,29.3,36.0,23.4,67
2025-06-10,1446184.0,27.6,30.9,24.9,81,25.2,27.5,22.0,79,28.8,33.7,25.3,65,28.8,33.0,24.6,68
2025-06-11,1349409.0,26.1,27.9,24.5,85,22.9,24.9,21.8,90,25.2,29.6,21.6,83,25.4,31.8,21.3,83
2025-06-12,1326795.0,24.0,26.1,22.3,89,23.5,27.4,20.9,84,23.9,26.6,21.6,84,23.9,26.9,21.3,88
2025-06-13,1466280.0,26.5,29.8,22.7,84,26.5,32.7,21.2,76,26.6,33.4,20.6,81,26.9,33.7,21.1,82
2025-06-14,1494536.0,27.1,30.2,24.7,82,28.3,33.2,23.3,74,28.2,32.5,24.8,77,28.3,32.8,25.0,79
2025-06-15,1407728.0,27.1,31.7,23.3,86,26.0,28.9,24.3,80,27.2,33.3,22.7,81,27.4,32.3,24.1,84
2025-06-16,1479755.0,26.0,30.5,22.4,85,27.6,33.7,21.0,74,28.0,35.0,21.9,73,27.5,33.2,22.5,75
2025-06-17,1556901.0,28.5,32.9,24.0,79,29.1,33.3,24.6,69,28.9,34.8,23.1,68,28.2,33.8,22.4,72
2025-06-18,1577424.0,29.3,33.1,26.1,76,29.1,33.4,25.2,68,29.8,34.6,25.7,66,28.9,33.8,24.6,69
2025-06-19,1594402.0,29.3,33.3,25.6,78,29.7,33.8,25.0,69,30.0,35.2,25.2,70,29.2,33.7,25.0,74
2025-06-20,1609959.0,29.2,33.1,25.4,78,29.9,33.9,25.9,70,30.4,35.0,25.5,67,29.3,33.6,25.3,73
2025-06-21,1552217.0,29.3,33.4,25.4,74,29.4,32.8,25.3,66,29.4,34.7,25.0,68,28.1,33.0,23.9,73
2025-06-22,1538952.0,28.8,31.9,25.8,79,28.9,33.0,24.3,68,30.2,35.7,25.1,64,28.7,33.5,24.6,72
2025-06-23,1584631.0,28.7,32.3,25.5,79,29.2,33.4,25.1,69,30.0,35.8,25.1,65,29.0,34.1,24.4,70
2025-06-24,1559157.0,27.3,31.1,24.4,83,28.7,33.1,24.0,69,29.1,34.6,23.6,67,27.7,32.8,23.1,75
2025-06-25,1502732.0,26.1,28.7,24.1,86,27.0,30.7,22.8,76,27.9,34.5,24.3,71,27.5,32.6,23.3,77
2025-06-26,1513894.0,26.7,30.7,23.8,85,27.7,32.2,23.5,75,28.2,34.6,24.7,72,27.8,32.9,23.7,75
2025-06-27,1536061.0,27.4,31.2,23.1,83,28.5,33.1,23.6,69,29.5,35.1,23.7,65,28.6,33.8,22.9,70
2025-06-28,1550787.0,28.0,31.7,23.6,79,29.6,33.9,25.1,66,30.3,35.8,24.2,62,29.1,34.3,23.3,68
2025-06-29,1515245.0,27.3,30.7,24.4,84,30.0,34.8,25.0,61,29.1,35.5,23.8,70,28.1,34.4,23.2,75
2025-06-30,1523849.0,27.1,31.5,23.7,83,29.2,34.3,24.6,65,28.3,34.9,23.8,65,26.1,32.3,23.0,76
2025-07-01,1487581.0,28.1,32.9,23.3,79,28.1,32.9,23.5,69,29.4,36.1,23.1,60,26.7,31.5,22.2,76
2025-07-02,1514389.0,28.4,33.2,23.6,79,29.0,32.7,25.2,68,28.9,34.3,24.9,68,26.2,31.0,24.0,85
2025-07-03,1440660.0,27.2,32.0,25.2,86,27.4,29.3,25.4,69,27.2,31.3,25.0,83,26.8,30.2,24.4,88
2025-07-04,1393586.0,28.0,31.8,25.0,86,26.6,30.9,24.7,83,25.8,27.4,25.0,90,25.6,27.6,24.4,93
2025-07-05,1379986.0,28.5,31.8,26.3,79,26.6,29.3,24.1,80,25.1,27.1,24.3,93,25.6,27.6,24.2,92
2025-07-06,1407855.0,28.1,32.4,23.8,80,27.0,30.7,24.1,74,26.9,31.1,23.6,82,27.0,31.1,23.9,81
2025-07-07,1502122.0,28.0,31.6,24.3,81,28.0,31.9,24.1,72,27.3,31.7,24.3,81,27.1,31.8,24.4,81
2025-07-08,1491609.0,26.6,30.2,24.3,84,28.2,33.8,24.5,74,27.1,30.9,24.8,81,27.3,31.4,24.2,81
2025-07-09,1469181.0,26.0,30.1,23.0,84,27.4,33.2,22.7,75,26.1,29.3,23.9,84,26.9,30.1,23.8,81
2025-07-10,1523856.0,27.9,33.4,23.7,79,28.9,34.6,23.1,70,28.0,33.9,22.3,70,27.9,33.6,21.5,68
2025-07-11,1543816.0,28.0,31.1,24.9,81,29.3,34.1,24.5,65,28.0,31.5,23.9,74,28.1,32.5,23.9,74
2025-07-12,1497970.0,28.6,32.6,25.4,80,28.0,32.1,24.8,75,28.5,33.3,25.1,76,28.7,33.5,24.9,73
2025-07-13,1428407.0,27.8,31.4,25.0,82,25.9,30.2,22.9,80,26.3,28.5,24.5,84,26.3,30.1,23.4,84
2025-07-14,1504071.0,27.7,30.8,24.6,83,27.0,32.6,23.2,78,27.3,32.9,23.9,82,27.1,31.1,24.1,81
2025-07-15,1572957.0,28.6,32.8,24.5,78,29.2,34.2,24.8,72,28.9,34.6,25.1,75,29.0,33.5,24.9,74
2025-07-16,1594860.0,29.0,33.6,25.1,77,29.3,33.7,24.9,71,29.6,34.4,25.7,68,29.7,35.1,25.5,67
2025-07-17,1574507.0,27.6,31.6,23.2,81,29.3,34.4,24.2,65,28.7,33.8,23.5,70,28.8,34.5,23.2,68
2025-07-18,1570002.0,27.8,32.2,25.2,81,29.5,34.8,23.9,63,29.1,34.5,23.0,68,28.7,34.4,22.4,69
2025-07-19,1575702.0,28.9,32.5,25.1,79,29.9,34.7,25.1,65,29.0,34.1,25.5,70,29.3,35.2,24.8,69
2025-07-20,1576117.0,29.0,32.3,25.2,80,30.6,34.7,26.4,62,28.7,32.1,25.5,72,28.9,32.8,25.0,69
2025-07-21,1627495.0,29.2,33.6,25.1,78,30.5,35.4,25.3,63,29.5,34.5,25.1,67,29.3,34.7,24.8,67
2025-07-22,1633972.0,29.2,34.3,24.7,77,30.2,35.1,24.5,61,29.9,35.6,24.5,66,29.4,35.9,24.3,67
2025-07-23,1643202.0,29.2,34.5,24.2,76,30.6,35.7,25.1,59,30.2,36.2,24.2,66,29.7,36.3,23.6,67
2025-07-24,1661662.0,29.2,34.7,24.3,73,31.2,36.6,25.6,55,30.5,36.7,24.2,62,29.9,36.4,23.9,64
2025-07-25,1585642.0,26.9,28.7,25.2,86,31.0,36.5,24.5,56,28.8,33.1,22.9,63,28.5,33.5,22.2,65
2025-07-26,1546609.0,27.4,31.3,24.1,84,30.7,34.6,26.2,64,28.8,33.7,24.4,67,28.0,32.5,24.3,75
2025-07-27,1553950.0,28.4,31.8,24.8,82,30.3,34.5,26.0,61,29.1,34.0,25.0,70,27.9,33.2,24.6,77
2025-07-28,1639192.0,28.9,33.7,24.5,78,30.9,36.0,25.2,62,30.1,35.9,24.5,64,29.1,34.9,23.4,69
2025-07-29,1642261.0,29.1,34.8,23.8,73,31.6,36.8,25.7,54,30.4,37.3,23.7,51,28.8,35.9,21.7,59
2025-07-30,1616598.0,29.3,35.0,24.0,65,31.9,38.1,24.3,48,30.1,38.1,20.8,39,28.5,36.5,19.3,45
2025-07-31,1646148.0,28.8,33.2,24.4,71,32.2,39.0,24.6,43,31.2,38.3,23.1,48,29.9,37.0,21.8,56
2025-08-01,1628717.0,29.0,33.7,25.2,77,30.1,35.2,25.7,60,31.2,37.5,25.2,55,30.7,36.7,23.5,59
2025-08-02,1536823.0,27.9,30.5,25.5,79,28.1,32.5,24.0,73,29.6,36.1,25.7,63,29.6,36.3,24.2,64
2025-08-03,1534803.0,28.4,34.0,24.1,76,28.2,32.9,24.7,72,29.6,36.2,22.9,67,29.9,36.4,22.8,63
2025-08-04,1529226.0,26.9,30.3,24.5,83,26.8,31.9,22.1,70,28.9,32.7,24.6,66,29.3,33.9,24.0,64
2025-08-05,1586668.0,27.6,32.4,23.4,82,28.3,33.6,22.3,66,29.5,35.7,22.4,63,29.4,35.6,22.5,61
2025-08-06,1629490.0,28.0,33.1,24.1,84,29.4,34.7,23.6,61,30.8,36.5,24.4,59,30.2,36.1,23.7,63
2025-08-07,1658599.0,28.6,33.2,24.0,81,30.6,35.8,24.7,61,31.3,37.2,24.5,59,30.7,36.6,24.1,63
2025-08-08,1678635.0,28.8,33.8,24.2,79,31.2,36.6,25.4,58,31.9,37.9,24.8,53,31.1,37.4,24.0,58
2025-08-09,1648716.0,28.3,32.2,24.0,80,31.5,36.1,26.1,56,31.3,36.9,25.0,55,30.7,36.7,23.7,58
2025-08-10,1615387.0,27.6,31.7,23.9,83,30.7,35.4,25.3,58,30.8,37.5,24.7,58,30.5,36.6,24.2,60
2025-08-11,1644392.0,27.7,32.4,23.5,80,30.2,35.5,24.6,58,30.9,36.9,24.7,58,30.5,36.8,23.8,58
2025-08-12,1613572.0,27.8,32.1,23.7,83,28.9,33.8,25.2,64,31.1,36.5,25.0,56,30.4,36.4,24.0,61
2025-08-13,1607014.0,28.5,33.0,24.1,79,28.1,32.9,23.7,72,29.8,35.5,25.8,62,30.4,36.4,24.6,61
2025-08-14,1670679.0,29.2,33.0,25.0,79,30.9,36.8,24.5,62,31.4,38.6,25.5,60,31.4,38.3,24.8,59
2025-08-15,1661556.0,28.7,31.3,25.3,81,31.5,37.1,26.4,59,30.8,37.6,25.6,64,30.0,34.7,25.1,67
2025-08-16,1608051.0,28.5,31.6,25.1,83,30.9,35.7,25.9,61,30.3,36.9,25.1,64,29.5,36.1,23.8,69
2025-08-17,1632027.0,29.1,34.5,23.7,79,31.4,35.7,26.9,59,31.7,37.7,25.4,58,30.7,36.8,24.7,63
2025-08-18,1682672.0,29.2,34.4,24.6,76,32.4,37.7,26.4,53,32.4,38.9,25.7,52,31.1,37.6,23.8,59
2025-08-19,1643855.0,26.7,29.7,24.3,86,32.9,39.0,26.3,52,30.9,37.2,25.4,51,29.2,35.9,24.0,60
2025-08-20,1580828.0,27.8,33.6,23.2,80,29.1,32.5,26.6,65,29.4,36.2,23.3,64,29.1,35.4,22.3,65
2025-08-21,1580505.0,27.3,32.2,23.8,80,30.0,35.8,24.6,63,28.2,33.2,24.8,69,28.2,31.6,24.4,67
2025-08-22,1538775.0,25.7,29.6,23.5,88,29.5,34.9,25.1,60,28.6,34.4,22.5,65,28.7,35.2,22.3,63
2025-08-23,1518150.0,26.6,31.7,22.5,85,30.1,36.1,24.1,54,29.1,34.8,22.8,60,29.3,34.9,23.4,60
2025-08-24,1555546.0,28.3,33.6,23.6,75,30.3,36.3,23.8,50,30.2,36.7,22.9,52,30.3,36.9,22.8,54
2025-08-25,1611746.0,28.0,33.4,22.8,72,30.2,35.7,24.2,49,30.5,37.0,22.9,52,30.2,36.7,23.5,53
2025-08-26,1557981.0,27.4,31.9,22.9,81,27.5,31.7,24.0,59,29.8,35.7,22.9,57,29.3,35.0,23.2,63
2025-08-27,1572027.0,27.4,30.9,24.0,85,27.5,33.9,22.0,64,30.0,35.7,24.6,64,29.2,34.5,24.5,70
2025-08-28,1643183.0,28.1,32.4,23.9,82,29.6,36.3,25.6,66,31.9,38.6,25.4,57,31.4,38.3,24.6,59
2025-08-29,1562568.0,28.8,32.6,25.2,77,25.2,28.1,22.4,83,31.1,37.2,26.0,61,31.7,37.9,25.6,59
2025-08-30,1469973.0,27.0,31.0,23.9,86,24.2,25.8,22.7,89,30.8,37.4,25.9,61,31.7,38.1,25.1,56
2025-08-31,1398762.0,25.4,27.6,23.5,92,25.4,28.7,23.0,86,27.7,31.8,24.0,74,29.5,35.5,25.5,65
2025-09-01,1439856.0,26.0,30.5,23.4,88,26.6,30.3,23.7,81,27.8,33.1,23.3,68,27.8,33.0,22.9,72
2025-09-02,1517757.0,27.0,32.2,22.9,81,27.1,32.5,21.8,71,29.3,36.6,22.3,60,29.9,37.1,23.4,56
2025-09-03,1532342.0,27.7,33.5,23.0,78,26.6,31.5,21.8,67,29.9,37.2,24.6,49,30.0,38.0,23.5,53
2025-09-04,1550568.0,27.9,33.7,22.7,76,28.3,37.4,20.6,58,30.5,40.7,19.7,39,30.0,38.4,21.5,44
2025-09-05,1585128.0,28.3,33.1,24.1,80,28.7,34.9,24.4,60,32.0,39.5,25.3,48,30.4,37.3,23.9,56
2025-09-06,1395954.0,27.3,31.7,23.2,80,21.9,26.1,18.4,80,27.2,30.4,23.6,74,27.5,31.6,25.3,76
2025-09-07,1308472.0,24.5,26.6,22.7,88,23.2,27.6,20.6,73,23.8,27.6,22.1,86,23.6,25.5,21.7,89
2025-09-08,1366589.0,24.4,29.4,20.3,67,22.8,28.3,17.1,60,25.5,31.6,21.4,62,25.8,30.9,21.7,71
2025-09-09,1376444.0,23.2,30.1,16.5,69,23.4,30.0,15.9,55,25.3,33.0,18.2,52,26.1,33.4,18.1,53
2025-09-10,1434853.0,24.8,32.0,16.9,74,24.9,31.7,16.6,58,26.9,34.9,18.1,49,27.3,34.9,20.2,53
2025-09-11,1507308.0,26.6,31.1,22.3,84,26.5,33.3,18.5,62,27.9,35.3,19.0,57,27.9,34.7,20.2,59
2025-09-12,1534801.0,26.4,31.5,21.9,78,28.2,33.8,22.0,64,29.1,35.9,22.0,59,28.8,35.5,22.5,60
2025-09-13,1479940.0,26.0,32.1,20.2,80,28.2,33.4,22.8,60,28.5,35.3,20.6,56,27.8,35.1,20.6,60
2025-09-14,1464562.0,25.9,31.5,20.2,80,28.0,33.8,22.3,56,28.8,35.7,21.2,57,27.9,34.7,21.0,61
2025-09-15,1517940.0,26.3,31.1,21.9,77,27.9,33.7,21.7,59,28.2,34.2,22.0,58,27.4,33.1,21.1,62
2025-09-16,1502415.0,26.1,32.8,20.4,76,27.9,33.9,21.7,58,28.2,34.3,20.6,54,27.4,34.1,19.9,59
2025-09-17,1511781.0,26.2,32.2,21.1,79,28.1,34.2,22.1,55,28.6,34.6,21.2,52,27.5,34.3,20.1,59
2025-09-18,1507362.0,25.7,31.3,20.8,82,28.0,34.2,21.4,58,28.7,35.1,21.5,56,27.5,33.5,21.3,64
2025-09-19,1513181.0,25.9,30.9,20.9,81,27.3,31.9,22.6,65,29.0,35.0,22.6,56,27.8,33.9,20.9,62
2025-09-20,1482362.0,25.7,30.3,21.6,86,27.8,33.5,21.9,62,29.0,35.3,21.4,54,28.0,34.4,21.1,59
2025-09-21,1496934.0,26.2,30.4,21.9,85,28.1,33.4,23.4,61,29.9,36.6,23.7,59,28.8,34.7,23.2,69
2025-09-22,1573719.0,26.9,30.4,23.1,86,28.7,34.3,24.2,67,30.4,36.5,24.4,63,29.6,35.7,24.2,69
2025-09-23,1613144.0,27.2,30.4,23.9,89,29.9,35.4,24.9,66,31.2,37.2,25.8,63,30.4,36.3,25.4,67
2025-09-24,1506005.0,27.2,30.3,24.6,86,25.9,29.7,23.2,72,28.3,32.3,26.1,70,28.8,33.8,25.7,70
2025-09-25,1420986.0,26.2,30.9,23.0,76,24.3,29.7,19.6,63,27.0,32.8,22.6,61,28.3,33.9,23.5,55
2025-09-26,1390543.0,24.7,30.8,19.0,68,24.8,31.3,19.4,59,26.1,33.6,17.9,50,26.7,33.2,19.9,46
2025-09-27,1348210.0,23.8,30.0,17.5,69,24.2,31.2,17.1,57,26.1,34.2,16.9,46,25.9,33.9,17.5,53
2025-09-28,1325640.0,23.8,30.5,17.2,66,23.8,30.0,17.0,59,25.9,33.2,17.7,46,26.0,33.0,18.3,51
2025-09-29,1362592.0,24.1,31.6,17.0,66,24.0,30.0,17.2,60,25.8,32.2,18.5,46,25.5,31.6,18.2,50
2025-09-30,1417343.0,25.1,32.0,19.2,66,26.0,31.3,21.0,54,27.3,34.7,19.7,42,26.6,34.2,18.6,47
2025-10-01,1429009.0,25.4,32.1,19.1,69,25.6,31.9,19.5,58,27.8,35.8,18.9,41,26.6,34.5,18.2,47
2025-10-02,1443849.0,25.9,32.3,20.3,70,25.9,32.3,18.5,55,28.1,35.9,19.7,45,27.0,34.4,19.1,51
2025-10-03,1445657.0,25.7,30.4,21.4,77,26.4,32.6,20.2,59,28.1,34.6,20.9,48,27.2,34.2,19.3,52
2025-10-04,1369276.0,24.9,30.7,19.0,70,25.0,31.2,18.2,51,27.1,33.1,20.4,53,26.5,32.9,20.0,60
2025-10-05,1387337.0,25.5,31.9,20.2,72,25.2,30.9,19.1,59,27.1,34.1,20.2,56,26.3,32.5,19.9,63
2025-10-06,1457263.0,25.6,31.0,20.9,80,26.1,32.9,19.7,62,27.8,34.5,20.6,56,26.9,32.5,20.4,64
2025-10-07,1473203.0,26.8,32.9,21.8,80,26.4,32.8,19.8,64,28.7,34.0,23.3,59,27.8,33.7,22.1,65
2025-10-08,1457399.0,27.0,32.3,22.7,77,25.8,31.9,20.0,66,28.6,34.4,22.6,51,27.9,33.4,21.8,60
2025-10-09,1446342.0,26.5,31.9,22.1,68,25.4,30.7,20.3,65,28.0,34.1,22.6,56,27.5,33.2,22.4,59
2025-10-10,1367799.0,24.7,31.0,18.7,52,23.8,30.2,17.7,53,26.7,33.6,20.0,51,26.4,33.2,19.8,55
2025-10-11,1303696.0,22.9,30.2,15.7,58,23.9,31.9,16.3,55,25.8,34.1,17.9,43,25.5,33.4,16.6,47
2025-10-12,1307207.0,22.8,29.9,16.3,71,25.4,32.5,18.0,50,25.9,33.3,17.9,49,24.9,32.4,16.6,54
2025-10-13,1366298.0,22.6,29.7,15.6,71,25.7,31.6,20.1,51,25.4,32.9,17.9,53,24.8,32.0,17.5,60
2025-10-14,1351268.0,23.2,30.9,16.1,70,24.9,31.5,18.4,54,25.4,32.7,17.9,54,24.6,31.4,17.7,62
2025-10-15,1334764.0,22.8,30.3,16.4,65,23.9,30.6,17.3,49,25.5,33.7,17.2,45,24.9,32.9,17.4,60
2025-10-16,1310132.0,23.2,29.1,17.8,74,23.2,29.5,16.2,53,24.4,31.1,17.8,60,24.3,30.2,17.9,63
2025-10-17,1384479.0,25.2,30.0,21.1,78,25.5,31.5,19.8,59,26.7,33.8,19.5,61,25.9,32.9,19.0,65
2025-10-18,1367849.0,27.1,32.8,23.3,75,24.7,27.2,21.5,71,28.2,34.2,23.4,65,27.6,34.1,22.4,69
2025-10-19,1239294.0,25.2,31.5,20.6,61,19.4,24.3,15.1,45,23.8,30.6,19.2,36,24.5,31.3,19.8,39
2025-10-20,1324572.0,22.8,30.2,14.8,64,22.7,32.3,13.4,51,25.2,34.6,17.1,49,25.8,34.1,18.1,56
2025-10-21,1340756.0,26.0,33.9,21.7,80,22.8,27.9,17.2,36,26.2,32.0,21.7,60,26.5,32.8,21.6,66
2025-10-22,1235046.0,22.2,27.6,17.6,57,18.6,27.7,9.8,42,23.3,30.9,15.9,39,24.2,30.4,18.0,47
2025-10-23,1289614.0,22.7,29.1,17.1,76,21.1,28.0,15.4,54,25.6,32.4,20.2,63,26.2,32.3,21.8,68
2025-10-24,1296458.0,24.3,28.5,20.3,80,21.6,25.4,18.8,78,25.6,31.0,21.5,72,25.6,32.0,21.2,74
2025-10-25,1186791.0,22.2,26.1,19.0,86,19.6,23.9,16.8,83,20.5,26.4,15.0,86,22.8,27.8,17.0,79
2025-10-26,1182740.0,21.2,27.3,17.4,83,18.5,23.3,15.1,87,21.3,28.3,16.9,78,22.7,30.1,17.1,72
2025-10-27,1275594.0,21.9,29.0,15.9,84,21.2,27.1,16.0,80,23.6,31.1,17.3,75,24.2,32.1,18.1,75
2025-10-28,1284812.0,23.6,30.2,19.4,82,20.4,23.8,15.2,74,23.5,30.0,19.3,74,23.9,31.9,19.2,71
2025-10-29,1103008.0,16.2,19.9,12.2,41,14.2,18.2,10.8,42,15.8,20.6,11.7,32,16.1,20.6,11.8,30
2025-10-30,1102834.0,14.2,20.7,8.9,54,13.0,19.2,6.6,54,13.7,22.1,6.8,38,13.9,23.1,5.9,33
2025-10-31,1103034.0,14.2,22.3,6.8,68,14.2,21.8,6.9,58,15.5,23.8,8.8,43,14.9,24.9,5.6,40
2025-11-01,1071470.0,16.4,22.8,11.3,79,15.0,20.5,11.5,64,15.1,22.1,9.1,69,16.3,23.9,10.3,70
2025-11-02,1102462.0,15.8,22.5,10.0,71,13.9,21.0,7.3,58,15.5,23.1,9.2,70,16.1,23.8,9.7,66
2025-11-03,1126832.0,15.4,23.7,8.8,71,16.6,25.3,9.8,57,16.1,25.8,7.5,59,16.8,26.5,8.2,55
2025-11-04,1143746.0,16.1,24.9,8.4,75,17.9,25.4,11.4,60,17.9,26.8,9.8,65,18.3,27.6,9.5,64
2025-11-05,1191246.0,18.9,26.9,11.5,78,19.8,27.5,13.7,66,20.0,28.8,12.2,69,20.1,29.4,11.5,68
2025-11-06,1233196.0,19.5,26.6,14.4,86,21.1,28.2,15.3,67,20.9,29.1,13.3,70,20.9,30.1,12.4,69
2025-11-07,1241084.0,22.1,29.5,17.3,82,21.1,26.5,17.0,68,23.1,32.9,16.2,63,22.9,32.9,15.1,66
2025-11-08,1212485.0,22.5,29.5,18.1,86,18.7,27.3,10.5,63,21.3,30.7,13.9,62,22.9,32.7,15.1,50
2025-11-09,1125254.0,18.9,22.6,13.9,52,13.0,17.1,8.0,42,17.6,21.3,13.2,36,19.0,22.6,14.8,34
2025-11-10,1182715.0,9.8,15.0,4.9,42,6.8,12.8,1.2,44,9.9,16.3,4.1,36,11.7,18.0,5.9,33
2025-11-11,1197103.0,12.1,21.5,2.4,63,12.7,21.8,5.2,33,13.3,23.3,3.9,36,13.4,23.7,3.9,34
2025-11-12,1190213.0,18.9,26.6,11.6,75,16.9,25.4,9.8,63,19.4,28.1,11.4,66,19.1,28.4,10.5,65
2025-11-13,1227096.0,20.6,27.1,15.3,79,20.3,27.8,14.2,70,21.4,29.4,14.3,71,21.1,29.6,13.1,71
2025-11-14,1253575.0,20.8,27.6,14.7,79,22.1,28.1,17.7,70,22.7,29.5,17.6,69,22.5,29.9,16.7,70
2025-11-15,1242253.0,21.1,28.1,14.6,78,23.2,30.5,17.7,65,22.9,30.0,18.3,70,22.7,29.9,18.4,72
2025-11-16,1244228.0,22.5,29.5,17.2,83,22.0,27.3,16.9,62,23.3,30.4,18.3,76,23.1,30.7,18.1,76
2025-11-17,1333234.0,23.2,27.5,20.7,87,24.3,30.4,19.6,70,24.9,31.3,20.9,73,24.6,31.5,20.1,75
2025-11-18,1337030.0,23.2,29.0,18.4,83,25.3,30.5,22.0,72,25.1,29.9,22.2,75,24.9,30.1,22.1,76
2025-11-19,1332151.0,24.1,28.7,20.6,89,23.9,28.7,19.8,75,24.9,29.4,21.8,78,25.1,29.4,21.9,79
2025-11-20,1300440.0,23.3,28.0,19.8,86,20.5,23.1,17.9,90,24.1,27.7,20.3,81,24.7,28.1,22.5,77
2025-11-21,1273365.0,24.2,29.9,20.2,85,20.1,26.5,16.2,75,22.0,25.5,20.1,86,22.1,25.1,20.4,88
2025-11-22,1183140.0,22.6,27.2,18.7,80,14.4,18.8,11.0,72,19.3,25.0,15.5,61,21.3,27.1,18.2,60
2025-11-23,1139275.0,18.2,22.1,13.9,70,14.1,19.9,8.4,78,17.4,21.0,13.8,70,18.6,20.6,16.8,71
2025-11-24,1216449.0,23.1,27.1,19.4,82,16.9,18.4,15.7,90,20.7,24.3,16.4,91,21.4,24.5,16.4,89
2025-11-25,1214573.0,21.9,27.7,19.0,77,15.6,21.2,11.3,78,18.8,27.8,11.6,67,19.5,29.3,11.1,64
2025-11-26,1171040.0,16.7,20.8,12.8,63,10.9,15.0,7.2,51,14.7,18.8,11.8,53,16.4,20.7,13.3,53
2025-11-27,1122298.0,12.5,18.0,9.1,50,10.9,16.6,7.0,52,13.2,18.3,9.6,46,14.0,18.1,9.1,45
2025-11-28,1128387.0,13.2,18.9,7.8,58,11.0,16.3,6.0,56,15.3,19.2,11.7,54,15.5,18.6,12.9,58
2025-11-29,1146928.0,19.8,23.3,16.1,72,13.6,19.5,10.7,79,19.6,25.6,16.2,83,20.1,24.9,17.0,84
2025-11-30,1215442.0,12.9,20.1,9.5,87,4.6,9.7,1.4,54,9.9,18.6,7.1,55,11.9,19.0,8.7,57
2025-12-01,1324050.0,7.7,9.4,7.0,91,3.8,4.4,3.2,79,6.0,7.0,5.1,76,7.9,9.1,7.0,69
2025-12-02,1343964.0,7.1,12.3,3.6,74,4.0,9.6,-1.3,68,6.6,13.2,1.4,61,7.8,14.6,2.4,58
2025-12-03,1286714.0,10.2,14.8,4.7,90,8.3,14.5,3.8,76,10.0,17.3,5.1,78,10.6,17.4,4.9,77
2025-12-04,1297112.0,11.1,15.8,7.9,93,6.9,9.4,5.2,79,9.9,12.6,8.3,85,11.3,13.3,9.2,85
2025-12-05,,8.1,10.3,6.3,83,6.9,11.0,3.0,77,8.5,12.0,5.6,76,9.6,12.7,7.1,72
2025-12-06,1196909.0,12.8,18.6,8.7,86,7.9,12.5,4.8,87,14.1,22.9,7.0,70,14.8,23.5,8.4,68
2025-12-07,1165350.0,16.9,22.0,13.3,86,9.1,12.1,5.0,84,14.8,19.1,10.7,74,16.4,23.8,13.1,71
2025-12-08,1266771.0,10.7,15.6,7.0,71,5.2,11.6,0.2,73,8.7,16.1,3.7,63,10.8,18.4,5.2,54
2025-12-09,1258567.0,9.8,18.0,3.8,80,9.6,17.8,3.0,61,10.0,20.3,0.4,59,10.6,20.2,0.8,57
2025-12-10,1200731.0,14.6,23.3,7.4,77,12.0,18.8,4.9,48,14.2,22.4,7.2,56,14.3,24.1,5.6,58
2025-12-11,1182718.0,12.6,19.6,6.2,62,10.4,19.1,1.6,50,12.3,21.2,3.2,45,13.2,21.5,5.0,44
2025-12-12,1151801.0,17.6,24.7,12.3,90,12.9,20.9,6.8,58,16.3,24.0,10.6,80,16.4,23.5,11.0,83
2025-12-13,1139662.0,20.2,25.5,16.6,90,11.1,16.3,6.6,78,18.8,24.2,15.9,86,19.3,24.6,16.3,88
2025-12-14,1232803.0,12.8,19.5,5.6,76,3.4,11.1,-0.3,57,8.7,17.3,3.4,72,11.1,18.2,5.6,73
2025-12-15,1347087.0,4.7,11.0,-0.1,54,3.6,11.0,-2.7,51,6.0,12.8,0.3,51,7.5,13.3,2.8,52
2025-12-16,1260323.0,10.0,17.0,3.4,79,10.6,15.4,6.1,48,11.0,15.7,6.1,64,10.7,14.7,7.3,70
2025-12-17,1152909.0,16.8,19.0,14.8,93,15.4,17.4,13.5,87,16.2,17.7,15.1,97,16.5,18.0,14.7,97
2025-12-18,1168588.0,19.5,24.8,16.4,78,17.1,21.0,11.1,61,18.8,25.9,14.9,66,18.3,26.1,14.6,70
2025-12-19,1205183.0,12.2,18.3,5.2,49,10.1,17.5,2.2,41,12.4,20.3,3.6,36,13.3,20.7,5.1,35
2025-12-20,1159178.0,17.8,26.1,9.1,85,16.8,26.4,10.5,62,16.8,25.6,10.9,79,15.7,24.6,9.9,84
2025-12-21,1142550.0,22.8,27.2,20.8,88,15.4,17.3,14.4,78,15.9,22.6,10.8,71,16.4,24.3,11.6,66
2025-12-22,1193281.0,22.0,26.6,18.9,90,18.1,23.1,13.7,76,18.4,25.7,12.9,82,19.5,26.1,14.7,81
2025-12-23,1213147.0,21.7,26.3,18.8,88,22.2,26.7,19.6,79,22.4,27.0,20.2,81,21.8,26.3,19.5,83
2025-12-24,1178925.0,21.2,25.7,18.8,89,20.9,25.7,17.5,77,21.1,26.2,18.5,80,21.2,26.1,19.3,80
2025-12-25,1131828.0,21.3,25.9,18.8,89,20.3,25.8,16.0,79,20.6,25.4,17.9,81,20.6,25.1,18.4,83
2025-12-26,1185081.0,22.7,27.0,20.5,86,22.4,29.5,17.6,70,22.3,28.0,19.0,79,21.8,27.5,19.0,83
2025-12-27,1184858.0,22.3,27.1,18.9,84,22.3,27.1,18.5,75,22.5,27.5,19.7,79,22.1,27.4,19.4,82
2025-12-28,1174602.0,22.4,27.6,19.1,84,20.0,27.2,8.5,66,22.1,26.2,17.7,77,21.6,25.7,19.3,84
2025-12-29,1280830.0,10.9,20.4,6.5,38,3.6,7.0,-0.4,42,7.8,14.2,5.8,32,9.6,18.1,7.3,32
2025-12-30,1295807.0,7.5,12.8,3.1,41,4.5,11.2,-1.2,47,8.3,14.8,3.8,30,9.6,15.5,5.4,30
2025-12-31,1240488.0,8.2,19.1,-0.7,58,9.4,19.5,2.1,47,10.6,22.1,1.7,36,10.2,20.7,1.5,36
